newman

HW06 EShop API Tests — 23127271

□ 00 — Setup (run first)
└ Login — test user (test@eshop.com)
  POST http://localhost:3000/api/login [200 OK, 635B, 54ms]
  √  Login user — 200

└ Login — admin (admin@eshop.com)
  POST http://localhost:3000/api/login [200 OK, 640B, 5ms]
  √  Login admin — 200

└ GET /api/users/me — capture userSelfId
  GET http://localhost:3000/api/users/me [200 OK, 452B, 6ms]
  √  Capture userSelfId

└ GET /api/users/me — capture adminSelfId
  GET http://localhost:3000/api/users/me [200 OK, 455B, 4ms]
  √  Capture adminSelfId

└ Register disposable user
  POST http://localhost:3000/api/register [200 OK, 316B, 14ms]
  √  Register disposable — 200

□ FR-04 — Profile / DomainPartition / TC-PROFILE-001
└ 1 — PUT /api/users/me
  PUT http://localhost:3000/api/users/me [200 OK, 296B, 18ms]
  √  [TC-PROFILE-001] primary — response received
  √  [TC-PROFILE-001] primary — JSON or empty body
  √  [TC-PROFILE-001] primary — response time < 10s
  ┌
  │ '[TC-PROFILE-001] primary status=', 200
  │ '[TC-PROFILE-001] expected oracle:', "The authenticate
  │ d user's name, phone, and shipping_address match the s
  │ ubmitted values on a follow-up GET /api/users/me. emai
  │ l and role are unchanged. Success HTTP status and resp
  │ onse body are not specified."
  └

□ FR-04 — Profile / DomainPartition / TC-PROFILE-002
└ 1 — PUT /api/users/me
  PUT http://localhost:3000/api/users/me [200 OK, 296B, 14ms]
  √  [TC-PROFILE-002] primary — response received
  √  [TC-PROFILE-002] primary — JSON or empty body
  √  [TC-PROFILE-002] primary — response time < 10s
  ┌
  │ '[TC-PROFILE-002] primary status=', 200
  │ '[TC-PROFILE-002] expected oracle:', 'GET /api/users/m
  │ e shows phone=09123456789 together with the submitted 
  │ name and shipping_address. email and role unchanged. S
  │ uccess status/body not specified.'
  └

□ FR-04 — Profile / DomainPartition / TC-PROFILE-003
└ 1 — PUT /api/users/me
  PUT http://localhost:3000/api/users/me [200 OK, 296B, 15ms]
  √  [TC-PROFILE-003] primary — response received
  √  [TC-PROFILE-003] primary — JSON or empty body
  √  [TC-PROFILE-003] primary — response time < 10s
  ┌
  │ '[TC-PROFILE-003] primary status=', 200
  │ '[TC-PROFILE-003] expected oracle:', 'GET /api/users/m
  │ e persists the Unicode name, Unicode address, and 11-d
  │ igit phone exactly. email and role unchanged. Success 
  │ status/body not specified.'
  └

□ FR-04 — Profile / DomainPartition / TC-PROFILE-004
└ 1 — PUT /api/users/me
  PUT http://localhost:3000/api/users/me [200 OK, 296B, 18ms]
  √  [TC-PROFILE-004] primary — response received
  √  [TC-PROFILE-004] primary — JSON or empty body
  √  [TC-PROFILE-004] primary — response time < 10s
  ┌
  │ '[TC-PROFILE-004] primary status=', 200
  │ '[TC-PROFILE-004] expected oracle:', 'GET /api/users/m
  │ e as that admin shows the new name/phone/address and r
  │ ole still admin. Success status/body not specified.'
  └

□ FR-04 — Profile / DomainPartition / TC-PROFILE-005
└ 1 — PUT /api/users/me
  PUT http://localhost:3000/api/users/me [200 OK, 296B, 19ms]
  √  [TC-PROFILE-005] primary — response received
  √  [TC-PROFILE-005] primary — JSON or empty body
  √  [TC-PROFILE-005] primary — response time < 10s
  ┌
  │ '[TC-PROFILE-005] primary status=', 200
  │ '[TC-PROFILE-005] expected oracle:', 'GET /api/users/m
  │ e shows phone=0000000000. Success status/body not spec
  │ ified.'
  └

□ FR-04 — Profile / DomainPartition / TC-PROFILE-006
└ 1 — PUT /api/users/me
  PUT http://localhost:3000/api/users/me [200 OK, 296B, 15ms]
  √  [TC-PROFILE-006] primary — response received
  √  [TC-PROFILE-006] primary — JSON or empty body
  √  [TC-PROFILE-006] primary — response time < 10s
  ┌
  │ '[TC-PROFILE-006] primary status=', 200
  │ '[TC-PROFILE-006] expected oracle:', 'Name charset/HTM
  │ L handling is not specified. Do not expect accept or r
  │ eject. If a name is stored, email and role still must 
  │ not change (FR-04 / SEC-06).'
  └

□ FR-04 — Profile / DomainPartition / TC-PROFILE-007
└ 1 — PUT /api/users/me
  PUT http://localhost:3000/api/users/me [200 OK, 296B, 16ms]
  √  [TC-PROFILE-007] primary — response received
  √  [TC-PROFILE-007] primary — JSON or empty body
  √  [TC-PROFILE-007] primary — response time < 10s
  ┌
  │ '[TC-PROFILE-007] primary status=', 200
  │ '[TC-PROFILE-007] expected oracle:', 'Address charset/
  │ HTML handling is not specified. Do not expect accept o
  │ r reject. email and role must not change if any update
  │  occurs.'
  └

□ FR-04 — Profile / DomainPartition / TC-PROFILE-008
└ 1 — PUT /api/users/me
  PUT http://localhost:3000/api/users/me [200 OK, 296B, 16ms]
  √  [TC-PROFILE-008] primary — response received
  √  [TC-PROFILE-008] primary — JSON or empty body
  √  [TC-PROFILE-008] primary — response time < 10s
  ┌
  │ '[TC-PROFILE-008] primary status=', 200
  │ '[TC-PROFILE-008] expected oracle:', 'The SRS and api_
  │ specification.md do not state this input is invalid or
  │  required. Do not expect rejection. Record what the SU
  │ T does; do not fail it against an invented rule.'
  └

□ FR-04 — Profile / DomainPartition / TC-PROFILE-009
└ 1 — PUT /api/users/me
  PUT http://localhost:3000/api/users/me [200 OK, 296B, 15ms]
  √  [TC-PROFILE-009] primary — response received
  √  [TC-PROFILE-009] primary — JSON or empty body
  √  [TC-PROFILE-009] primary — response time < 10s
  ┌
  │ '[TC-PROFILE-009] primary status=', 200
  │ '[TC-PROFILE-009] expected oracle:', 'The SRS and api_
  │ specification.md do not state this input is invalid or
  │  required. Do not expect rejection. Record what the SU
  │ T does; do not fail it against an invented rule.'
  └

□ FR-04 — Profile / DomainPartition / TC-PROFILE-010
└ 1 — PUT /api/users/me
  PUT http://localhost:3000/api/users/me [200 OK, 296B, 16ms]
  √  [TC-PROFILE-010] primary — response received
  √  [TC-PROFILE-010] primary — JSON or empty body
  √  [TC-PROFILE-010] primary — response time < 10s
  ┌
  │ '[TC-PROFILE-010] primary status=', 200
  │ '[TC-PROFILE-010] expected oracle:', 'name is not spec
  │ ified as required on PUT /api/users/me. Do not expect 
  │ rejection. Observe whether the stored name is unchange
  │ d, cleared, or otherwise updated. email and role must 
  │ not change.'
  └

□ FR-04 — Profile / DomainPartition / TC-PROFILE-011
└ 1 — PUT /api/users/me
  PUT http://localhost:3000/api/users/me [200 OK, 296B, 3ms]
  √  [TC-PROFILE-011] primary — response received
  √  [TC-PROFILE-011] primary — JSON or empty body
  √  [TC-PROFILE-011] primary — response time < 10s
  ┌
  │ '[TC-PROFILE-011] primary status=', 200
  │ '[TC-PROFILE-011] expected oracle:', 'The SRS and api_
  │ specification.md do not state this input is invalid or
  │  required. Do not expect rejection. Record what the SU
  │ T does; do not fail it against an invented rule.'
  └

□ FR-04 — Profile / DomainPartition / TC-PROFILE-012
└ 1 — PUT /api/users/me
  PUT http://localhost:3000/api/users/me [200 OK, 296B, 20ms]
  √  [TC-PROFILE-012] primary — response received
  √  [TC-PROFILE-012] primary — JSON or empty body
  √  [TC-PROFILE-012] primary — response time < 10s
  ┌
  │ '[TC-PROFILE-012] primary status=', 200
  │ '[TC-PROFILE-012] expected oracle:', 'The SRS and api_
  │ specification.md do not state this input is invalid or
  │  required. Do not expect rejection. Record what the SU
  │ T does; do not fail it against an invented rule.'
  └

□ FR-04 — Profile / DomainPartition / TC-PROFILE-013
└ 1 — PUT /api/users/me
  PUT http://localhost:3000/api/users/me [200 OK, 296B, 13ms]
  √  [TC-PROFILE-013] primary — response received
  √  [TC-PROFILE-013] primary — JSON or empty body
  √  [TC-PROFILE-013] primary — response time < 10s
  ┌
  │ '[TC-PROFILE-013] primary status=', 200
  │ '[TC-PROFILE-013] expected oracle:', 'No maximum lengt
  │ h/quantity is specified. Do not expect accept or rejec
  │ t. Record actual behaviour.'
  └

□ FR-04 — Profile / DomainPartition / TC-PROFILE-014
└ 1 — PUT /api/users/me
  PUT http://localhost:3000/api/users/me [200 OK, 296B, 16ms]
  √  [TC-PROFILE-014] primary — response received
  √  [TC-PROFILE-014] primary — JSON or empty body
  √  [TC-PROFILE-014] primary — response time < 10s
  ┌
  │ '[TC-PROFILE-014] primary status=', 200
  │ '[TC-PROFILE-014] expected oracle:', 'The submitted ph
  │ one is not a valid FR-04 phone (must start with 0 and 
  │ be 10–11 digits). GET /api/users/me must not persist t
  │ his value as phone. HTTP status and error body are not
  │  specified.'
  └

□ FR-04 — Profile / DomainPartition / TC-PROFILE-015
└ 1 — PUT /api/users/me
  PUT http://localhost:3000/api/users/me [200 OK, 296B, 13ms]
  √  [TC-PROFILE-015] primary — response received
  √  [TC-PROFILE-015] primary — JSON or empty body
  √  [TC-PROFILE-015] primary — response time < 10s
  ┌
  │ '[TC-PROFILE-015] primary status=', 200
  │ '[TC-PROFILE-015] expected oracle:', 'The submitted ph
  │ one is not a valid FR-04 phone (must start with 0 and 
  │ be 10–11 digits). GET /api/users/me must not persist t
  │ his value as phone. HTTP status and error body are not
  │  specified.'
  └

□ FR-04 — Profile / DomainPartition / TC-PROFILE-016
└ 1 — PUT /api/users/me
  PUT http://localhost:3000/api/users/me [200 OK, 296B, 13ms]
  √  [TC-PROFILE-016] primary — response received
  √  [TC-PROFILE-016] primary — JSON or empty body
  √  [TC-PROFILE-016] primary — response time < 10s
  ┌
  │ '[TC-PROFILE-016] primary status=', 200
  │ '[TC-PROFILE-016] expected oracle:', 'The submitted ph
  │ one is not a valid FR-04 phone (must start with 0 and 
  │ be 10–11 digits). GET /api/users/me must not persist t
  │ his value as phone. HTTP status and error body are not
  │  specified.'
  └

□ FR-04 — Profile / DomainPartition / TC-PROFILE-017
└ 1 — PUT /api/users/me
  PUT http://localhost:3000/api/users/me [200 OK, 296B, 13ms]
  √  [TC-PROFILE-017] primary — response received
  √  [TC-PROFILE-017] primary — JSON or empty body
  √  [TC-PROFILE-017] primary — response time < 10s
  ┌
  │ '[TC-PROFILE-017] primary status=', 200
  │ '[TC-PROFILE-017] expected oracle:', 'The submitted ph
  │ one is not a valid FR-04 phone (must start with 0 and 
  │ be 10–11 digits). GET /api/users/me must not persist t
  │ his value as phone. HTTP status and error body are not
  │  specified.'
  └

□ FR-04 — Profile / DomainPartition / TC-PROFILE-018
└ 1 — PUT /api/users/me
  PUT http://localhost:3000/api/users/me [200 OK, 296B, 15ms]
  √  [TC-PROFILE-018] primary — response received
  √  [TC-PROFILE-018] primary — JSON or empty body
  √  [TC-PROFILE-018] primary — response time < 10s
  ┌
  │ '[TC-PROFILE-018] primary status=', 200
  │ '[TC-PROFILE-018] expected oracle:', 'phone is not spe
  │ cified as required on every PUT. Do not expect rejecti
  │ on. If a phone is stored afterwards, it must still be 
  │ a FR-04-valid phone when one is present.'
  └

□ FR-04 — Profile / DomainPartition / TC-PROFILE-019
└ 1 — PUT /api/users/me
  PUT http://localhost:3000/api/users/me [200 OK, 296B, 13ms]
  √  [TC-PROFILE-019] primary — response received
  √  [TC-PROFILE-019] primary — JSON or empty body
  √  [TC-PROFILE-019] primary — response time < 10s
  ┌
  │ '[TC-PROFILE-019] primary status=', 200
  │ '[TC-PROFILE-019] expected oracle:', 'The submitted ph
  │ one is not a valid FR-04 phone (must start with 0 and 
  │ be 10–11 digits). GET /api/users/me must not persist t
  │ his value as phone. HTTP status and error body are not
  │  specified.'
  └

□ FR-04 — Profile / DomainPartition / TC-PROFILE-020
└ 1 — PUT /api/users/me
  PUT http://localhost:3000/api/users/me [200 OK, 296B, 16ms]
  √  [TC-PROFILE-020] primary — response received
  √  [TC-PROFILE-020] primary — JSON or empty body
  √  [TC-PROFILE-020] primary — response time < 10s
  ┌
  │ '[TC-PROFILE-020] primary status=', 200
  │ '[TC-PROFILE-020] expected oracle:', 'The submitted ph
  │ one is not a valid FR-04 phone (must start with 0 and 
  │ be 10–11 digits). GET /api/users/me must not persist t
  │ his value as phone. HTTP status and error body are not
  │  specified.'
  └

□ FR-04 — Profile / DomainPartition / TC-PROFILE-021
└ 1 — PUT /api/users/me
  PUT http://localhost:3000/api/users/me [200 OK, 296B, 14ms]
  √  [TC-PROFILE-021] primary — response received
  √  [TC-PROFILE-021] primary — JSON or empty body
  √  [TC-PROFILE-021] primary — response time < 10s
  ┌
  │ '[TC-PROFILE-021] primary status=', 200
  │ '[TC-PROFILE-021] expected oracle:', 'The submitted ph
  │ one is not a valid FR-04 phone (must start with 0 and 
  │ be 10–11 digits). GET /api/users/me must not persist t
  │ his value as phone. HTTP status and error body are not
  │  specified.'
  └

□ FR-04 — Profile / DomainPartition / TC-PROFILE-022
└ 1 — PUT /api/users/me
  PUT http://localhost:3000/api/users/me [200 OK, 296B, 12ms]
  √  [TC-PROFILE-022] primary — response received
  √  [TC-PROFILE-022] primary — JSON or empty body
  √  [TC-PROFILE-022] primary — response time < 10s
  ┌
  │ '[TC-PROFILE-022] primary status=', 200
  │ '[TC-PROFILE-022] expected oracle:', 'The submitted ph
  │ one is not a valid FR-04 phone (must start with 0 and 
  │ be 10–11 digits). GET /api/users/me must not persist t
  │ his value as phone. HTTP status and error body are not
  │  specified.'
  └

□ FR-04 — Profile / DomainPartition / TC-PROFILE-023
└ 1 — PUT /api/users/me
  PUT http://localhost:3000/api/users/me [200 OK, 296B, 18ms]
  √  [TC-PROFILE-023] primary — response received
  √  [TC-PROFILE-023] primary — JSON or empty body
  √  [TC-PROFILE-023] primary — response time < 10s
  ┌
  │ '[TC-PROFILE-023] primary status=', 200
  │ '[TC-PROFILE-023] expected oracle:', 'The submitted ph
  │ one is not a valid FR-04 phone (must start with 0 and 
  │ be 10–11 digits). GET /api/users/me must not persist t
  │ his value as phone. HTTP status and error body are not
  │  specified.'
  └

□ FR-04 — Profile / DomainPartition / TC-PROFILE-024
└ 1 — PUT /api/users/me
  PUT http://localhost:3000/api/users/me [200 OK, 296B, 16ms]
  √  [TC-PROFILE-024] primary — response received
  √  [TC-PROFILE-024] primary — JSON or empty body
  √  [TC-PROFILE-024] primary — response time < 10s
  ┌
  │ '[TC-PROFILE-024] primary status=', 200
  │ '[TC-PROFILE-024] expected oracle:', 'The submitted ph
  │ one is not a valid FR-04 phone (must start with 0 and 
  │ be 10–11 digits). GET /api/users/me must not persist t
  │ his value as phone. HTTP status and error body are not
  │  specified.'
  └

□ FR-04 — Profile / DomainPartition / TC-PROFILE-025
└ 1 — PUT /api/users/me
  PUT http://localhost:3000/api/users/me [200 OK, 296B, 15ms]
  √  [TC-PROFILE-025] primary — response received
  √  [TC-PROFILE-025] primary — JSON or empty body
  √  [TC-PROFILE-025] primary — response time < 10s
  ┌
  │ '[TC-PROFILE-025] primary status=', 200
  │ '[TC-PROFILE-025] expected oracle:', 'The SRS and api_
  │ specification.md do not state this input is invalid or
  │  required. Do not expect rejection. Record what the SU
  │ T does; do not fail it against an invented rule.'
  └

□ FR-04 — Profile / DomainPartition / TC-PROFILE-026
└ 1 — PUT /api/users/me
  PUT http://localhost:3000/api/users/me [200 OK, 296B, 18ms]
  √  [TC-PROFILE-026] primary — response received
  √  [TC-PROFILE-026] primary — JSON or empty body
  √  [TC-PROFILE-026] primary — response time < 10s
  ┌
  │ '[TC-PROFILE-026] primary status=', 200
  │ '[TC-PROFILE-026] expected oracle:', 'shipping_address
  │  is not specified as required. Do not expect rejection
  │ . Record what happens to the stored address.'
  └

□ FR-04 — Profile / DomainPartition / TC-PROFILE-027
└ 1 — PUT /api/users/me
  PUT http://localhost:3000/api/users/me [200 OK, 296B, 3ms]
  √  [TC-PROFILE-027] primary — response received
  √  [TC-PROFILE-027] primary — JSON or empty body
  √  [TC-PROFILE-027] primary — response time < 10s
  ┌
  │ '[TC-PROFILE-027] primary status=', 200
  │ '[TC-PROFILE-027] expected oracle:', 'The SRS and api_
  │ specification.md do not state this input is invalid or
  │  required. Do not expect rejection. Record what the SU
  │ T does; do not fail it against an invented rule.'
  └

□ FR-04 — Profile / DomainPartition / TC-PROFILE-028
└ 1 — PUT /api/users/me
  PUT http://localhost:3000/api/users/me [200 OK, 296B, 13ms]
  √  [TC-PROFILE-028] primary — response received
  √  [TC-PROFILE-028] primary — JSON or empty body
  √  [TC-PROFILE-028] primary — response time < 10s
  ┌
  │ '[TC-PROFILE-028] primary status=', 200
  │ '[TC-PROFILE-028] expected oracle:', 'No maximum lengt
  │ h/quantity is specified. Do not expect accept or rejec
  │ t. Record actual behaviour.'
  └

□ FR-04 — Profile / DomainPartition / TC-PROFILE-029
└ 1 — PUT /api/users/me
  PUT http://localhost:3000/api/users/me [401 Unauthorized, 301B, 3ms]
  √  [TC-PROFILE-029] primary — response received
  √  [TC-PROFILE-029] primary — JSON or empty body
  √  [TC-PROFILE-029] primary — response time < 10s
  ┌
  │ '[TC-PROFILE-029] primary status=', 401
  │ '[TC-PROFILE-029] expected oracle:', 'The endpoint req
  │ uires a valid JWT (API spec Authorization note; SEC-02
  │ ; FR-04 requires a logged-in user). The profile / cart
  │  / user-list must not change. HTTP status (401 vs 403 
  │ vs other) is not specified.'
  └

□ FR-04 — Profile / DomainPartition / TC-PROFILE-030
└ 1 — PUT /api/users/me
  PUT http://localhost:3000/api/users/me [401 Unauthorized, 301B, 4ms]
  √  [TC-PROFILE-030] primary — response received
  √  [TC-PROFILE-030] primary — JSON or empty body
  √  [TC-PROFILE-030] primary — response time < 10s
  ┌
  │ '[TC-PROFILE-030] primary status=', 401
  │ '[TC-PROFILE-030] expected oracle:', 'The endpoint req
  │ uires a valid JWT (API spec Authorization note; SEC-02
  │ ; FR-04 requires a logged-in user). The profile / cart
  │  / user-list must not change. HTTP status (401 vs 403 
  │ vs other) is not specified.'
  └

□ FR-04 — Profile / DomainPartition / TC-PROFILE-031
└ 1 — PUT /api/users/me
  PUT http://localhost:3000/api/users/me [403 Forbidden, 295B, 1ms]
  √  [TC-PROFILE-031] primary — response received
  √  [TC-PROFILE-031] primary — JSON or empty body
  √  [TC-PROFILE-031] primary — response time < 10s
  ┌
  │ '[TC-PROFILE-031] primary status=', 403
  │ '[TC-PROFILE-031] expected oracle:', 'The endpoint req
  │ uires a valid JWT (API spec Authorization note; SEC-02
  │ ; FR-04 requires a logged-in user). The profile / cart
  │  / user-list must not change. HTTP status (401 vs 403 
  │ vs other) is not specified.'
  └

□ FR-04 — Profile / DomainPartition / TC-PROFILE-032
└ 1 — PUT /api/users/me
  PUT http://localhost:3000/api/users/me [403 Forbidden, 295B, 3ms]
  √  [TC-PROFILE-032] primary — response received
  √  [TC-PROFILE-032] primary — JSON or empty body
  √  [TC-PROFILE-032] primary — response time < 10s
  ┌
  │ '[TC-PROFILE-032] primary status=', 403
  │ '[TC-PROFILE-032] expected oracle:', 'The endpoint req
  │ uires a valid JWT (API spec Authorization note; SEC-02
  │ ; FR-04 requires a logged-in user). The profile / cart
  │  / user-list must not change. HTTP status (401 vs 403 
  │ vs other) is not specified.'
  └

□ FR-04 — Profile / DomainPartition / TC-PROFILE-033
└ 1 — PUT /api/users/me
  PUT http://localhost:3000/api/users/me [200 OK, 296B, 19ms]
  √  [TC-PROFILE-033] primary — response received
  √  [TC-PROFILE-033] primary — JSON or empty body
  √  [TC-PROFILE-033] primary — response time < 10s
  ┌
  │ '[TC-PROFILE-033] primary status=', 200
  │ '[TC-PROFILE-033] expected oracle:', 'role remains the
  │  pre-request value (user). Documented profile fields m
  │ ay or may not update; that is unspecified. A silent ro
  │ le change to admin fails FR-04 / SEC-06.'
  └

□ FR-04 — Profile / DomainPartition / TC-PROFILE-034
└ 1 — PUT /api/users/me
  PUT http://localhost:3000/api/users/me [200 OK, 296B, 20ms]
  √  [TC-PROFILE-034] primary — response received
  √  [TC-PROFILE-034] primary — JSON or empty body
  √  [TC-PROFILE-034] primary — response time < 10s
  ┌
  │ '[TC-PROFILE-034] primary status=', 200
  │ '[TC-PROFILE-034] expected oracle:', 'GET /api/users/m
  │ e still shows the same role as before. The API must no
  │ t treat role as a client-writable field.'
  └

□ FR-04 — Profile / DomainPartition / TC-PROFILE-035
└ 1 — PUT /api/users/me
  PUT http://localhost:3000/api/users/me [200 OK, 296B, 6ms]
  √  [TC-PROFILE-035] primary — response received
  √  [TC-PROFILE-035] primary — JSON or empty body
  √  [TC-PROFILE-035] primary — response time < 10s
  ┌
  │ '[TC-PROFILE-035] primary status=', 200
  │ '[TC-PROFILE-035] expected oracle:', 'GET /api/users/m
  │ e still shows the original email (test@eshop.com). Whe
  │ ther the request is rejected or the extra field is ign
  │ ored is not specified.'
  └

□ FR-04 — Profile / DomainPartition / TC-PROFILE-036
└ 1 — PUT /api/users/me
  PUT http://localhost:3000/api/users/me [400 Bad Request, 1.63kB, 4ms]
  √  [TC-PROFILE-036] primary — response received
  √  [TC-PROFILE-036] primary — JSON or empty body
  √  [TC-PROFILE-036] primary — response time < 10s
  ┌
  │ '[TC-PROFILE-036] primary status=', 400
  │ '[TC-PROFILE-036] expected oracle:', 'The SRS and api_
  │ specification.md do not state this input is invalid or
  │  required. Do not expect rejection. Record what the SU
  │ T does; do not fail it against an invented rule.'
  └

□ FR-04 — Profile / DomainPartition / TC-PROFILE-037
└ 1 — PUT /api/users/me
  PUT http://localhost:3000/api/users/me [400 Bad Request, 1.64kB, 3ms]
  √  [TC-PROFILE-037] primary — response received
  √  [TC-PROFILE-037] primary — JSON or empty body
  √  [TC-PROFILE-037] primary — response time < 10s
  ┌
  │ '[TC-PROFILE-037] primary status=', 400
  │ '[TC-PROFILE-037] expected oracle:', 'The body is not 
  │ the documented JSON object. Profile fields must not be
  │  updated from this payload. HTTP status is not specifi
  │ ed.'
  └

□ FR-04 — Profile / DomainPartition / TC-PROFILE-038
└ 1 — PUT /api/users/me
  PUT http://localhost:3000/api/users/me [200 OK, 296B, 2ms]
  √  [TC-PROFILE-038] primary — response received
  √  [TC-PROFILE-038] primary — JSON or empty body
  √  [TC-PROFILE-038] primary — response time < 10s
  ┌
  │ '[TC-PROFILE-038] primary status=', 200
  │ '[TC-PROFILE-038] expected oracle:', 'Extra-field hand
  │ ling is not specified. Documented fields may still upd
  │ ate. Do not assert how the extra field is stored or re
  │ jected. email and role still must not change.'
  └

□ FR-04 — Profile / DomainPartition / TC-PROFILE-039
└ 1 — PUT /api/users/me
  PUT http://localhost:3000/api/users/me [200 OK, 296B, 15ms]
  √  [TC-PROFILE-039] primary — response received
  √  [TC-PROFILE-039] primary — JSON or empty body
  √  [TC-PROFILE-039] primary — response time < 10s
  ┌
  │ '[TC-PROFILE-039] primary status=', 200
  │ '[TC-PROFILE-039] expected oracle:', 'The SRS and api_
  │ specification.md do not state this input is invalid or
  │  required. Do not expect rejection. Record what the SU
  │ T does; do not fail it against an invented rule.'
  └

□ FR-04 — Profile / DomainPartition / TC-PROFILE-040
└ 1 — PUT /api/users/me
  PUT http://localhost:3000/api/users/me [500 Internal Server Error, 1.84kB, 3ms]
  √  [TC-PROFILE-040] primary — response received
  √  [TC-PROFILE-040] primary — JSON or empty body
  √  [TC-PROFILE-040] primary — response time < 10s
  ┌
  │ '[TC-PROFILE-040] primary status=', 500
  │ '[TC-PROFILE-040] expected oracle:', 'The SRS and api_
  │ specification.md do not state this input is invalid or
  │  required. Do not expect rejection. Record what the SU
  │ T does; do not fail it against an invented rule.'
  └

□ FR-04 — Profile / DomainPartition / TC-PROFILE-SUP-001
└ 1 — PUT /api/users/me
  PUT http://localhost:3000/api/users/me [200 OK, 296B, 15ms]
  √  [TC-PROFILE-SUP-001] primary — response received
  √  [TC-PROFILE-SUP-001] primary — JSON or empty body
  √  [TC-PROFILE-SUP-001] primary — response time < 10s
  ┌
  │ '[TC-PROFILE-SUP-001] primary status=', 200
  │ '[TC-PROFILE-SUP-001] expected oracle:', 'If phone is 
  │ applied, GET shows phone=0987654321 (FR-04-valid). ema
  │ il/role unchanged. Omitted name/address semantics not 
  │ specified — record whether snapshot fields stay or cha
  │ nge. Do not reject solely because body is not the thre
  │ e-field example.'
  └

□ FR-04 — Profile / DomainPartition / TC-PROFILE-SUP-002
└ 1 — PUT /api/users/me
  PUT http://localhost:3000/api/users/me [200 OK, 296B, 14ms]
  √  [TC-PROFILE-SUP-002] primary — response received
  √  [TC-PROFILE-SUP-002] primary — JSON or empty body
  √  [TC-PROFILE-SUP-002] primary — response time < 10s
  ┌
  │ '[TC-PROFILE-SUP-002] primary status=', 200
  │ '[TC-PROFILE-SUP-002] expected oracle:', 'Fullwidth di
  │ gits (U+FF10…) are not the documented ASCII 0–9 form. 
  │ GET must not persist as FR-04-valid phone. Normalisati
  │ on not specified — record only.'
  └

□ FR-04 — Profile / DomainPartition / TC-PROFILE-SUP-003
└ 1 — PUT /api/users/me
  PUT http://localhost:3000/api/users/me [400 Bad Request, 1.65kB, 2ms]
  √  [TC-PROFILE-SUP-003] primary — response received
  √  [TC-PROFILE-SUP-003] primary — JSON or empty body
  √  [TC-PROFILE-SUP-003] primary — response time < 10s
  ┌
  │ '[TC-PROFILE-SUP-003] primary status=', 400
  │ '[TC-PROFILE-SUP-003] expected oracle:', 'Duplicate JS
  │ ON keys not specified. Stored phone, if any, must be F
  │ R-04-valid — GET must not show 1912345678. email/role 
  │ unchanged.'
  └

□ FR-04 — Profile / DomainPartition / TC-PROFILE-SUP-004
└ 1 — PUT /api/users/me
  PUT http://localhost:3000/api/users/me [200 OK, 296B, 16ms]
  √  [TC-PROFILE-SUP-004] primary — response received
  √  [TC-PROFILE-SUP-004] primary — JSON or empty body
  √  [TC-PROFILE-SUP-004] primary — response time < 10s
  ┌
  │ '[TC-PROFILE-SUP-004] primary status=', 200
  │ '[TC-PROFILE-SUP-004] expected oracle:', 'If name appl
  │ ied, GET shows Updated Name Only. email/role unchanged
  │ . Omitted phone/address not specified — record snapsho
  │ t vs cleared.'
  └

□ FR-04 — Profile / DomainPartition / TC-PROFILE-SUP-005
└ 1 — PUT /api/users/me
  PUT http://localhost:3000/api/users/me [200 OK, 296B, 15ms]
  √  [TC-PROFILE-SUP-005] primary — response received
  √  [TC-PROFILE-SUP-005] primary — JSON or empty body
  √  [TC-PROFILE-SUP-005] primary — response time < 10s
  ┌
  │ '[TC-PROFILE-SUP-005] primary status=', 200
  │ '[TC-PROFILE-SUP-005] expected oracle:', 'Two-field su
  │ bset: name + FR-04-valid phone may update; shipping_ad
  │ dress behaviour unspecified. email/role unchanged.'
  └

□ FR-04 — Profile / StateTransition / TC-PROFILE-ST-001
└ 1 — PUT /api/users/me
  PUT http://localhost:3000/api/users/me [200 OK, 296B, 16ms]
  √  [TC-PROFILE-ST-001] step-1 — response received
  √  [TC-PROFILE-ST-001] step-1 — JSON or empty body
  √  [TC-PROFILE-ST-001] step-1 — response time < 10s
  ┌
  │ '[TC-PROFILE-ST-001] step-1 status=', 200
  │ '[TC-PROFILE-ST-001] expected oracle:', 'After PUT, GE
  │ T /api/users/me shows the submitted name, phone, and s
  │ hipping_address (P1). email and role unchanged from P0
  │  (FR-04 / SEC-06). Success HTTP status/body not specif
  │ ied.'
  └

└ 2 — GET /api/users/me
  GET http://localhost:3000/api/users/me [200 OK, 483B, 7ms]
  √  [TC-PROFILE-ST-001] step-2 — response received
  √  [TC-PROFILE-ST-001] step-2 — JSON or empty body
  √  [TC-PROFILE-ST-001] step-2 — response time < 10s
  ┌
  │ '[TC-PROFILE-ST-001] step-2 status=', 200
  │ '[TC-PROFILE-ST-001] expected oracle:', 'After PUT, GE
  │ T /api/users/me shows the submitted name, phone, and s
  │ hipping_address (P1). email and role unchanged from P0
  │  (FR-04 / SEC-06). Success HTTP status/body not specif
  │ ied.'
  └

□ FR-04 — Profile / StateTransition / TC-PROFILE-ST-002
└ 1 — PUT /api/users/me
  PUT http://localhost:3000/api/users/me [200 OK, 296B, 4ms]
  √  [TC-PROFILE-ST-002] step-1 — response received
  √  [TC-PROFILE-ST-002] step-1 — JSON or empty body
  √  [TC-PROFILE-ST-002] step-1 — response time < 10s
  ┌
  │ '[TC-PROFILE-ST-002] step-1 status=', 200
  │ '[TC-PROFILE-ST-002] expected oracle:', 'GET shows nam
  │ e=Updated Name Only and phone=0987654321 if both appli
  │ ed. shipping_address after partial PUTs is not specifi
  │ ed — record P0 vs cleared vs unchanged. email/role unc
  │ hanged.'
  └

└ 2 — PUT /api/users/me
  PUT http://localhost:3000/api/users/me [200 OK, 296B, 5ms]
  √  [TC-PROFILE-ST-002] step-2 — response received
  √  [TC-PROFILE-ST-002] step-2 — JSON or empty body
  √  [TC-PROFILE-ST-002] step-2 — response time < 10s
  ┌
  │ '[TC-PROFILE-ST-002] step-2 status=', 200
  │ '[TC-PROFILE-ST-002] expected oracle:', 'GET shows nam
  │ e=Updated Name Only and phone=0987654321 if both appli
  │ ed. shipping_address after partial PUTs is not specifi
  │ ed — record P0 vs cleared vs unchanged. email/role unc
  │ hanged.'
  └

└ 3 — GET /api/users/me
  GET http://localhost:3000/api/users/me [200 OK, 483B, 5ms]
  √  [TC-PROFILE-ST-002] step-3 — response received
  √  [TC-PROFILE-ST-002] step-3 — JSON or empty body
  √  [TC-PROFILE-ST-002] step-3 — response time < 10s
  ┌
  │ '[TC-PROFILE-ST-002] step-3 status=', 200
  │ '[TC-PROFILE-ST-002] expected oracle:', 'GET shows nam
  │ e=Updated Name Only and phone=0987654321 if both appli
  │ ed. shipping_address after partial PUTs is not specifi
  │ ed — record P0 vs cleared vs unchanged. email/role unc
  │ hanged.'
  └

□ FR-04 — Profile / StateTransition / TC-PROFILE-ST-003
└ 1 — PUT /api/users/me
  PUT http://localhost:3000/api/users/me [200 OK, 296B, 5ms]
  √  [TC-PROFILE-ST-003] step-1 — response received
  √  [TC-PROFILE-ST-003] step-1 — JSON or empty body
  √  [TC-PROFILE-ST-003] step-1 — response time < 10s
  ┌
  │ '[TC-PROFILE-ST-003] step-1 status=', 200
  │ '[TC-PROFILE-ST-003] expected oracle:', 'After the sec
  │ ond full PUT (set B), GET /api/users/me shows set B na
  │ me, phone, and shipping_address (P2). email/role uncha
  │ nged. Success status/body not specified.'
  └

└ 2 — GET /api/users/me
  GET http://localhost:3000/api/users/me [200 OK, 483B, 4ms]
  √  [TC-PROFILE-ST-003] step-2 — response received
  √  [TC-PROFILE-ST-003] step-2 — JSON or empty body
  √  [TC-PROFILE-ST-003] step-2 — response time < 10s
  ┌
  │ '[TC-PROFILE-ST-003] step-2 status=', 200
  │ '[TC-PROFILE-ST-003] expected oracle:', 'After the sec
  │ ond full PUT (set B), GET /api/users/me shows set B na
  │ me, phone, and shipping_address (P2). email/role uncha
  │ nged. Success status/body not specified.'
  └

└ 3 — PUT /api/users/me
  PUT http://localhost:3000/api/users/me [200 OK, 296B, 4ms]
  √  [TC-PROFILE-ST-003] step-3 — response received
  √  [TC-PROFILE-ST-003] step-3 — JSON or empty body
  √  [TC-PROFILE-ST-003] step-3 — response time < 10s
  ┌
  │ '[TC-PROFILE-ST-003] step-3 status=', 200
  │ '[TC-PROFILE-ST-003] expected oracle:', 'After the sec
  │ ond full PUT (set B), GET /api/users/me shows set B na
  │ me, phone, and shipping_address (P2). email/role uncha
  │ nged. Success status/body not specified.'
  └

└ 4 — GET /api/users/me
  GET http://localhost:3000/api/users/me [200 OK, 483B, 4ms]
  √  [TC-PROFILE-ST-003] step-4 — response received
  √  [TC-PROFILE-ST-003] step-4 — JSON or empty body
  √  [TC-PROFILE-ST-003] step-4 — response time < 10s
  ┌
  │ '[TC-PROFILE-ST-003] step-4 status=', 200
  │ '[TC-PROFILE-ST-003] expected oracle:', 'After the sec
  │ ond full PUT (set B), GET /api/users/me shows set B na
  │ me, phone, and shipping_address (P2). email/role uncha
  │ nged. Success status/body not specified.'
  └

□ FR-04 — Profile / StateTransition / TC-PROFILE-ST-004
└ 1 — PUT /api/users/me
  PUT http://localhost:3000/api/users/me [200 OK, 296B, 4ms]
  √  [TC-PROFILE-ST-004] step-1 — response received
  √  [TC-PROFILE-ST-004] step-1 — JSON or empty body
  √  [TC-PROFILE-ST-004] step-1 — response time < 10s
  ┌
  │ '[TC-PROFILE-ST-004] step-1 status=', 200
  │ '[TC-PROFILE-ST-004] expected oracle:', 'Both GET call
  │ s after identical PUTs show the same profile values (P
  │ 1). No drift between reads. Success status/body not sp
  │ ecified.'
  └

└ 2 — PUT /api/users/me
  PUT http://localhost:3000/api/users/me [200 OK, 296B, 5ms]
  √  [TC-PROFILE-ST-004] step-2 — response received
  √  [TC-PROFILE-ST-004] step-2 — JSON or empty body
  √  [TC-PROFILE-ST-004] step-2 — response time < 10s
  ┌
  │ '[TC-PROFILE-ST-004] step-2 status=', 200
  │ '[TC-PROFILE-ST-004] expected oracle:', 'Both GET call
  │ s after identical PUTs show the same profile values (P
  │ 1). No drift between reads. Success status/body not sp
  │ ecified.'
  └

└ 3 — GET /api/users/me
  GET http://localhost:3000/api/users/me [200 OK, 483B, 5ms]
  √  [TC-PROFILE-ST-004] step-3 — response received
  √  [TC-PROFILE-ST-004] step-3 — JSON or empty body
  √  [TC-PROFILE-ST-004] step-3 — response time < 10s
  ┌
  │ '[TC-PROFILE-ST-004] step-3 status=', 200
  │ '[TC-PROFILE-ST-004] expected oracle:', 'Both GET call
  │ s after identical PUTs show the same profile values (P
  │ 1). No drift between reads. Success status/body not sp
  │ ecified.'
  └

└ 4 — GET /api/users/me
  GET http://localhost:3000/api/users/me [200 OK, 483B, 5ms]
  √  [TC-PROFILE-ST-004] step-4 — response received
  √  [TC-PROFILE-ST-004] step-4 — JSON or empty body
  √  [TC-PROFILE-ST-004] step-4 — response time < 10s
  ┌
  │ '[TC-PROFILE-ST-004] step-4 status=', 200
  │ '[TC-PROFILE-ST-004] expected oracle:', 'Both GET call
  │ s after identical PUTs show the same profile values (P
  │ 1). No drift between reads. Success status/body not sp
  │ ecified.'
  └

□ FR-04 — Profile / StateTransition / TC-PROFILE-ST-005
└ 2 — PUT /api/users/me
  PUT http://localhost:3000/api/users/me [401 Unauthorized, 301B, 4ms]
  √  [TC-PROFILE-ST-005] step-2 — response received
  √  [TC-PROFILE-ST-005] step-2 — JSON or empty body
  √  [TC-PROFILE-ST-005] step-2 — response time < 10s
  ┌
  │ '[TC-PROFILE-ST-005] step-2 status=', 401
  │ '[TC-PROFILE-ST-005] expected oracle:', 'After re-logi
  │ n with a new token, GET /api/users/me should show P1 i
  │ f the profile is persisted server-side. If values rese
  │ t, record actual behaviour — persistence medium is not
  │  specified.'
  └

└ 4 — GET /api/users/me
  GET http://localhost:3000/api/users/me [401 Unauthorized, 301B, 4ms]
  √  [TC-PROFILE-ST-005] step-4 — response received
  √  [TC-PROFILE-ST-005] step-4 — JSON or empty body
  √  [TC-PROFILE-ST-005] step-4 — response time < 10s
  ┌
  │ '[TC-PROFILE-ST-005] step-4 status=', 401
  │ '[TC-PROFILE-ST-005] expected oracle:', 'After re-logi
  │ n with a new token, GET /api/users/me should show P1 i
  │ f the profile is persisted server-side. If values rese
  │ t, record actual behaviour — persistence medium is not
  │  specified.'
  └

□ FR-04 — Profile / StateTransition / TC-PROFILE-ST-006
└ 1 — PUT /api/users/me
  PUT http://localhost:3000/api/users/me [200 OK, 296B, 4ms]
  √  [TC-PROFILE-ST-006] primary — response received
  √  [TC-PROFILE-ST-006] primary — JSON or empty body
  √  [TC-PROFILE-ST-006] primary — response time < 10s
  ┌
  │ '[TC-PROFILE-ST-006] primary status=', 200
  │ '[TC-PROFILE-ST-006] expected oracle:', 'email remains
  │  test@eshop.com. Other fields may update. Request reje
  │ cted or email ignored — either way email unchanged.'
  └

□ FR-04 — Profile / StateTransition / TC-PROFILE-ST-007
└ 1 — PUT /api/users/me
  PUT http://localhost:3000/api/users/me [200 OK, 296B, 21ms]
  √  [TC-PROFILE-ST-007] primary — response received
  √  [TC-PROFILE-ST-007] primary — JSON or empty body
  √  [TC-PROFILE-ST-007] primary — response time < 10s
  ┌
  │ '[TC-PROFILE-ST-007] primary status=', 200
  │ '[TC-PROFILE-ST-007] expected oracle:', 'role remains 
  │ user. Documented profile fields may still update. Succ
  │ ess status/body not specified.'
  └

□ FR-04 — Profile / StateTransition / TC-PROFILE-ST-008
└ 1 — PUT /api/users/me
  PUT http://localhost:3000/api/users/me [200 OK, 296B, 17ms]
  √  [TC-PROFILE-ST-008] step-1 — response received
  √  [TC-PROFILE-ST-008] step-1 — JSON or empty body
  √  [TC-PROFILE-ST-008] step-1 — response time < 10s
  ┌
  │ '[TC-PROFILE-ST-008] step-1 status=', 200
  │ '[TC-PROFILE-ST-008] expected oracle:', 'GET shows upd
  │ ated profile fields and role still admin. Success stat
  │ us/body not specified.'
  └

└ 2 — GET /api/users/me
  GET http://localhost:3000/api/users/me [200 OK, 485B, 6ms]
  √  [TC-PROFILE-ST-008] step-2 — response received
  √  [TC-PROFILE-ST-008] step-2 — JSON or empty body
  √  [TC-PROFILE-ST-008] step-2 — response time < 10s
  ┌
  │ '[TC-PROFILE-ST-008] step-2 status=', 200
  │ '[TC-PROFILE-ST-008] expected oracle:', 'GET shows upd
  │ ated profile fields and role still admin. Success stat
  │ us/body not specified.'
  └

□ FR-04 — Profile / StateTransition / TC-PROFILE-ST-009
└ 1 — PUT /api/users/me
  PUT http://localhost:3000/api/users/me [200 OK, 296B, 5ms]
  √  [TC-PROFILE-ST-009] step-1 — response received
  √  [TC-PROFILE-ST-009] step-1 — JSON or empty body
  √  [TC-PROFILE-ST-009] step-1 — response time < 10s
  ┌
  │ '[TC-PROFILE-ST-009] step-1 status=', 200
  │ '[TC-PROFILE-ST-009] expected oracle:', 'GET shows Ste
  │ p Name, 0909090909, and 99 Pasteur if each partial upd
  │ ate applies. If omitted fields revert, record partial-
  │ vs-replace semantics. email/role unchanged.'
  └

└ 2 — PUT /api/users/me
  PUT http://localhost:3000/api/users/me [200 OK, 296B, 2ms]
  √  [TC-PROFILE-ST-009] step-2 — response received
  √  [TC-PROFILE-ST-009] step-2 — JSON or empty body
  √  [TC-PROFILE-ST-009] step-2 — response time < 10s
  ┌
  │ '[TC-PROFILE-ST-009] step-2 status=', 200
  │ '[TC-PROFILE-ST-009] expected oracle:', 'GET shows Ste
  │ p Name, 0909090909, and 99 Pasteur if each partial upd
  │ ate applies. If omitted fields revert, record partial-
  │ vs-replace semantics. email/role unchanged.'
  └

└ 3 — PUT /api/users/me
  PUT http://localhost:3000/api/users/me [200 OK, 296B, 3ms]
  √  [TC-PROFILE-ST-009] step-3 — response received
  √  [TC-PROFILE-ST-009] step-3 — JSON or empty body
  √  [TC-PROFILE-ST-009] step-3 — response time < 10s
  ┌
  │ '[TC-PROFILE-ST-009] step-3 status=', 200
  │ '[TC-PROFILE-ST-009] expected oracle:', 'GET shows Ste
  │ p Name, 0909090909, and 99 Pasteur if each partial upd
  │ ate applies. If omitted fields revert, record partial-
  │ vs-replace semantics. email/role unchanged.'
  └

└ 4 — GET /api/users/me
  GET http://localhost:3000/api/users/me [200 OK, 484B, 2ms]
  √  [TC-PROFILE-ST-009] step-4 — response received
  √  [TC-PROFILE-ST-009] step-4 — JSON or empty body
  √  [TC-PROFILE-ST-009] step-4 — response time < 10s
  ┌
  │ '[TC-PROFILE-ST-009] step-4 status=', 200
  │ '[TC-PROFILE-ST-009] expected oracle:', 'GET shows Ste
  │ p Name, 0909090909, and 99 Pasteur if each partial upd
  │ ate applies. If omitted fields revert, record partial-
  │ vs-replace semantics. email/role unchanged.'
  └

□ FR-04 — Profile / StateTransition / TC-PROFILE-ST-010
└ 1 — PUT /api/users/me
  PUT http://localhost:3000/api/users/me [200 OK, 296B, 2ms]
  √  [TC-PROFILE-ST-010] step-1 — response received
  √  [TC-PROFILE-ST-010] step-1 — JSON or empty body
  √  [TC-PROFILE-ST-010] step-1 — response time < 10s
  ┌
  │ '[TC-PROFILE-ST-010] step-1 status=', 200
  │ '[TC-PROFILE-ST-010] expected oracle:', 'phone=123 is 
  │ not a valid FR-04 phone. GET must not persist it as th
  │ e stored phone. Whether other P1 fields remain if the 
  │ PUT is rejected is not specified — record status and G
  │ ET snapshot.'
  └

└ 2 — PUT /api/users/me
  PUT http://localhost:3000/api/users/me [200 OK, 296B, 2ms]
  √  [TC-PROFILE-ST-010] step-2 — response received
  √  [TC-PROFILE-ST-010] step-2 — JSON or empty body
  √  [TC-PROFILE-ST-010] step-2 — response time < 10s
  ┌
  │ '[TC-PROFILE-ST-010] step-2 status=', 200
  │ '[TC-PROFILE-ST-010] expected oracle:', 'phone=123 is 
  │ not a valid FR-04 phone. GET must not persist it as th
  │ e stored phone. Whether other P1 fields remain if the 
  │ PUT is rejected is not specified — record status and G
  │ ET snapshot.'
  └

└ 3 — GET /api/users/me
  GET http://localhost:3000/api/users/me [200 OK, 484B, 3ms]
  √  [TC-PROFILE-ST-010] step-3 — response received
  √  [TC-PROFILE-ST-010] step-3 — JSON or empty body
  √  [TC-PROFILE-ST-010] step-3 — response time < 10s
  ┌
  │ '[TC-PROFILE-ST-010] step-3 status=', 200
  │ '[TC-PROFILE-ST-010] expected oracle:', 'phone=123 is 
  │ not a valid FR-04 phone. GET must not persist it as th
  │ e stored phone. Whether other P1 fields remain if the 
  │ PUT is rejected is not specified — record status and G
  │ ET snapshot.'
  └

□ FR-04 — Profile / StateTransition / TC-PROFILE-ST-011
└ 1 — PUT /api/users/me
  PUT http://localhost:3000/api/users/me [200 OK, 296B, 3ms]
  √  [TC-PROFILE-ST-011] step-1 — response received
  √  [TC-PROFILE-ST-011] step-1 — JSON or empty body
  √  [TC-PROFILE-ST-011] step-1 — response time < 10s
  ┌
  │ '[TC-PROFILE-ST-011] step-1 status=', 200
  │ '[TC-PROFILE-ST-011] expected oracle:', "User A PUT up
  │ dates A's profile only. Admin GET /api/users/me unchan
  │ ged from PB0. email/role unchanged on both accounts."
  └

□ FR-04 — Profile / StateTransition / TC-PROFILE-ST-012
└ 1 — PUT /api/users/me
  PUT http://localhost:3000/api/users/me [200 OK, 296B, 17ms]
  √  [TC-PROFILE-ST-012] primary — response received
  √  [TC-PROFILE-ST-012] primary — JSON or empty body
  √  [TC-PROFILE-ST-012] primary — response time < 10s
  ┌
  │ '[TC-PROFILE-ST-012] primary status=', 200
  │ '[TC-PROFILE-ST-012] expected oracle:', 'GET matches P
  │ 0 (no unintended wipe). Request may be rejected; if so
  │ , profile state unchanged.'
  └

□ FR-04 — Profile / StateTransition / TC-PROFILE-ST-SUP-001
└ 1 — PUT /api/users/me
  PUT http://localhost:3000/api/users/me [200 OK, 296B, 16ms]
  √  [TC-PROFILE-ST-SUP-001] step-1 — response received
  √  [TC-PROFILE-ST-SUP-001] step-1 — JSON or empty body
  √  [TC-PROFILE-ST-SUP-001] step-1 — response time < 10s
  ┌
  │ '[TC-PROFILE-ST-SUP-001] step-1 status=', 200
  │ '[TC-PROFILE-ST-SUP-001] expected oracle:', 'Ordering 
  │ of back-to-back PUTs is not specified. GET must show e
  │ xactly one consistent profile: either Race Name A or R
  │ ace Name B for name, not a mixed/corrupt row. email/ro
  │ le unchanged. Record which PUT wins. HTTP status is no
  │ t specified — record actual without inventing codes.'
  └

└ 2 — PUT /api/users/me
  PUT http://localhost:3000/api/users/me [200 OK, 296B, 3ms]
  √  [TC-PROFILE-ST-SUP-001] step-2 — response received
  √  [TC-PROFILE-ST-SUP-001] step-2 — JSON or empty body
  √  [TC-PROFILE-ST-SUP-001] step-2 — response time < 10s
  ┌
  │ '[TC-PROFILE-ST-SUP-001] step-2 status=', 200
  │ '[TC-PROFILE-ST-SUP-001] expected oracle:', 'Ordering 
  │ of back-to-back PUTs is not specified. GET must show e
  │ xactly one consistent profile: either Race Name A or R
  │ ace Name B for name, not a mixed/corrupt row. email/ro
  │ le unchanged. Record which PUT wins. HTTP status is no
  │ t specified — record actual without inventing codes.'
  └

└ 3 — GET /api/users/me
  GET http://localhost:3000/api/users/me [200 OK, 484B, 4ms]
  √  [TC-PROFILE-ST-SUP-001] step-3 — response received
  √  [TC-PROFILE-ST-SUP-001] step-3 — JSON or empty body
  √  [TC-PROFILE-ST-SUP-001] step-3 — response time < 10s
  ┌
  │ '[TC-PROFILE-ST-SUP-001] step-3 status=', 200
  │ '[TC-PROFILE-ST-SUP-001] expected oracle:', 'Ordering 
  │ of back-to-back PUTs is not specified. GET must show e
  │ xactly one consistent profile: either Race Name A or R
  │ ace Name B for name, not a mixed/corrupt row. email/ro
  │ le unchanged. Record which PUT wins. HTTP status is no
  │ t specified — record actual without inventing codes.'
  └

□ FR-04 — Profile / StateTransition / TC-PROFILE-ST-SUP-002
└ 1 — PUT /api/users/me
  PUT http://localhost:3000/api/users/me [200 OK, 296B, 3ms]
  √  [TC-PROFILE-ST-SUP-002] step-1 — response received
  √  [TC-PROFILE-ST-SUP-002] step-1 — JSON or empty body
  √  [TC-PROFILE-ST-SUP-002] step-1 — response time < 10s
  ┌
  │ '[TC-PROFILE-ST-SUP-002] step-1 status=', 200
  │ '[TC-PROFILE-ST-SUP-002] expected oracle:', 'Second PU
  │ T without JWT must not apply a new profile state (SEC-
  │ 02; API spec section 2 requires token). GET with valid
  │  token shows P1 from first PUT only, or P0 if first fa
  │ iled — not a third value. HTTP status is not specified
  │  — record actual without inventing codes.'
  └

└ 2 — PUT /api/users/me
  PUT http://localhost:3000/api/users/me [200 OK, 296B, 3ms]
  √  [TC-PROFILE-ST-SUP-002] step-2 — response received
  √  [TC-PROFILE-ST-SUP-002] step-2 — JSON or empty body
  √  [TC-PROFILE-ST-SUP-002] step-2 — response time < 10s
  ┌
  │ '[TC-PROFILE-ST-SUP-002] step-2 status=', 200
  │ '[TC-PROFILE-ST-SUP-002] expected oracle:', 'Second PU
  │ T without JWT must not apply a new profile state (SEC-
  │ 02; API spec section 2 requires token). GET with valid
  │  token shows P1 from first PUT only, or P0 if first fa
  │ iled — not a third value. HTTP status is not specified
  │  — record actual without inventing codes.'
  └

└ 3 — GET /api/users/me
  GET http://localhost:3000/api/users/me [200 OK, 484B, 3ms]
  √  [TC-PROFILE-ST-SUP-002] step-3 — response received
  √  [TC-PROFILE-ST-SUP-002] step-3 — JSON or empty body
  √  [TC-PROFILE-ST-SUP-002] step-3 — response time < 10s
  ┌
  │ '[TC-PROFILE-ST-SUP-002] step-3 status=', 200
  │ '[TC-PROFILE-ST-SUP-002] expected oracle:', 'Second PU
  │ T without JWT must not apply a new profile state (SEC-
  │ 02; API spec section 2 requires token). GET with valid
  │  token shows P1 from first PUT only, or P0 if first fa
  │ iled — not a third value. HTTP status is not specified
  │  — record actual without inventing codes.'
  └

□ FR-04 — Profile / StateTransition / TC-PROFILE-ST-SUP-003
└ 1 — PUT /api/users/me
  PUT http://localhost:3000/api/users/me [200 OK, 296B, 3ms]
  √  [TC-PROFILE-ST-SUP-003] step-1 — response received
  √  [TC-PROFILE-ST-SUP-003] step-1 — JSON or empty body
  √  [TC-PROFILE-ST-SUP-003] step-1 — response time < 10s
  ┌
  │ '[TC-PROFILE-ST-SUP-003] step-1 status=', 200
  │ '[TC-PROFILE-ST-SUP-003] expected oracle:', 'Parallel 
  │ updates to different fields are not specified. GET mus
  │ t show one coherent profile row. email/role unchanged.
  │  Record field-level vs request-level winner. HTTP stat
  │ us is not specified — record actual without inventing 
  │ codes.'
  └

└ 2 — PUT /api/users/me
  PUT http://localhost:3000/api/users/me [200 OK, 296B, 3ms]
  √  [TC-PROFILE-ST-SUP-003] step-2 — response received
  √  [TC-PROFILE-ST-SUP-003] step-2 — JSON or empty body
  √  [TC-PROFILE-ST-SUP-003] step-2 — response time < 10s
  ┌
  │ '[TC-PROFILE-ST-SUP-003] step-2 status=', 200
  │ '[TC-PROFILE-ST-SUP-003] expected oracle:', 'Parallel 
  │ updates to different fields are not specified. GET mus
  │ t show one coherent profile row. email/role unchanged.
  │  Record field-level vs request-level winner. HTTP stat
  │ us is not specified — record actual without inventing 
  │ codes.'
  └

└ 3 — GET /api/users/me
  GET http://localhost:3000/api/users/me [200 OK, 484B, 3ms]
  √  [TC-PROFILE-ST-SUP-003] step-3 — response received
  √  [TC-PROFILE-ST-SUP-003] step-3 — JSON or empty body
  √  [TC-PROFILE-ST-SUP-003] step-3 — response time < 10s
  ┌
  │ '[TC-PROFILE-ST-SUP-003] step-3 status=', 200
  │ '[TC-PROFILE-ST-SUP-003] expected oracle:', 'Parallel 
  │ updates to different fields are not specified. GET mus
  │ t show one coherent profile row. email/role unchanged.
  │  Record field-level vs request-level winner. HTTP stat
  │ us is not specified — record actual without inventing 
  │ codes.'
  └

□ FR-04 — Profile / StateTransition / TC-PROFILE-ST-SUP-004
└ 1 — PUT /api/users/me
  PUT http://localhost:3000/api/users/me [200 OK, 296B, 4ms]
  √  [TC-PROFILE-ST-SUP-004] step-1 — response received
  √  [TC-PROFILE-ST-SUP-004] step-1 — JSON or empty body
  √  [TC-PROFILE-ST-SUP-004] step-1 — response time < 10s
  ┌
  │ '[TC-PROFILE-ST-SUP-004] step-1 status=', 200
  │ '[TC-PROFILE-ST-SUP-004] expected oracle:', 'Second PU
  │ T with malformed JWT must not change profile state (SE
  │ C-02). GET with valid token still shows P1 from first 
  │ PUT, not the second body. HTTP status is not specified
  │  — record actual without inventing codes.'
  └

└ 2 — PUT /api/users/me
  PUT http://localhost:3000/api/users/me [200 OK, 296B, 3ms]
  √  [TC-PROFILE-ST-SUP-004] step-2 — response received
  √  [TC-PROFILE-ST-SUP-004] step-2 — JSON or empty body
  √  [TC-PROFILE-ST-SUP-004] step-2 — response time < 10s
  ┌
  │ '[TC-PROFILE-ST-SUP-004] step-2 status=', 200
  │ '[TC-PROFILE-ST-SUP-004] expected oracle:', 'Second PU
  │ T with malformed JWT must not change profile state (SE
  │ C-02). GET with valid token still shows P1 from first 
  │ PUT, not the second body. HTTP status is not specified
  │  — record actual without inventing codes.'
  └

└ 3 — GET /api/users/me
  GET http://localhost:3000/api/users/me [200 OK, 484B, 3ms]
  √  [TC-PROFILE-ST-SUP-004] step-3 — response received
  √  [TC-PROFILE-ST-SUP-004] step-3 — JSON or empty body
  √  [TC-PROFILE-ST-SUP-004] step-3 — response time < 10s
  ┌
  │ '[TC-PROFILE-ST-SUP-004] step-3 status=', 200
  │ '[TC-PROFILE-ST-SUP-004] expected oracle:', 'Second PU
  │ T with malformed JWT must not change profile state (SE
  │ C-02). GET with valid token still shows P1 from first 
  │ PUT, not the second body. HTTP status is not specified
  │  — record actual without inventing codes.'
  └

□ FR-04 — Profile / StateTransition / TC-PROFILE-ST-SUP-005
└ 1 — PUT /api/users/me
  PUT http://localhost:3000/api/users/me [200 OK, 296B, 3ms]
  √  [TC-PROFILE-ST-SUP-005] step-1 — response received
  √  [TC-PROFILE-ST-SUP-005] step-1 — JSON or empty body
  √  [TC-PROFILE-ST-SUP-005] step-1 — response time < 10s
  ┌
  │ '[TC-PROFILE-ST-SUP-005] step-1 status=', 200
  │ '[TC-PROFILE-ST-SUP-005] expected oracle:', 'If partia
  │ l PUTs apply, GET shows Address First Name and 77 Nguy
  │ en Hue. phone may stay P0 or clear — not specified. em
  │ ail/role unchanged. Record partial-vs-replace semantic
  │ s.'
  └

└ 2 — PUT /api/users/me
  PUT http://localhost:3000/api/users/me [200 OK, 296B, 4ms]
  √  [TC-PROFILE-ST-SUP-005] step-2 — response received
  √  [TC-PROFILE-ST-SUP-005] step-2 — JSON or empty body
  √  [TC-PROFILE-ST-SUP-005] step-2 — response time < 10s
  ┌
  │ '[TC-PROFILE-ST-SUP-005] step-2 status=', 200
  │ '[TC-PROFILE-ST-SUP-005] expected oracle:', 'If partia
  │ l PUTs apply, GET shows Address First Name and 77 Nguy
  │ en Hue. phone may stay P0 or clear — not specified. em
  │ ail/role unchanged. Record partial-vs-replace semantic
  │ s.'
  └

└ 3 — GET /api/users/me
  GET http://localhost:3000/api/users/me [200 OK, 484B, 3ms]
  √  [TC-PROFILE-ST-SUP-005] step-3 — response received
  √  [TC-PROFILE-ST-SUP-005] step-3 — JSON or empty body
  √  [TC-PROFILE-ST-SUP-005] step-3 — response time < 10s
  ┌
  │ '[TC-PROFILE-ST-SUP-005] step-3 status=', 200
  │ '[TC-PROFILE-ST-SUP-005] expected oracle:', 'If partia
  │ l PUTs apply, GET shows Address First Name and 77 Nguy
  │ en Hue. phone may stay P0 or clear — not specified. em
  │ ail/role unchanged. Record partial-vs-replace semantic
  │ s.'
  └

□ FR-04 — Profile / Security / TC-PROFILE-SEC-001
└ 1 — PUT /api/users/me
  PUT http://localhost:3000/api/users/me [200 OK, 296B, 14ms]
  √  [TC-PROFILE-SEC-001] primary — response received
  √  [TC-PROFILE-SEC-001] primary — JSON or empty body
  √  [TC-PROFILE-SEC-001] primary — response time < 10s
  ┌
  │ '[TC-PROFILE-SEC-001] primary status=', 200
  │ '[TC-PROFILE-SEC-001] expected oracle:', 'SEC-05: requ
  │ est must not cause SQL syntax errors, 500 stack traces
  │  with query text, or unauthorized data change. Record 
  │ status and GET/list side effects. email and role uncha
  │ nged on GET /api/users/me.'
  └

□ FR-04 — Profile / Security / TC-PROFILE-SEC-002
└ 1 — PUT /api/users/me
  PUT http://localhost:3000/api/users/me [200 OK, 296B, 14ms]
  √  [TC-PROFILE-SEC-002] primary — response received
  √  [TC-PROFILE-SEC-002] primary — JSON or empty body
  √  [TC-PROFILE-SEC-002] primary — response time < 10s
  ┌
  │ '[TC-PROFILE-SEC-002] primary status=', 200
  │ '[TC-PROFILE-SEC-002] expected oracle:', 'SEC-05: requ
  │ est must not cause SQL syntax errors, 500 stack traces
  │  with query text, or unauthorized data change. Record 
  │ status and GET/list side effects.'
  └

□ FR-04 — Profile / Security / TC-PROFILE-SEC-003
└ 1 — PUT /api/users/me
  PUT http://localhost:3000/api/users/me [200 OK, 296B, 14ms]
  √  [TC-PROFILE-SEC-003] primary — response received
  √  [TC-PROFILE-SEC-003] primary — JSON or empty body
  √  [TC-PROFILE-SEC-003] primary — response time < 10s
  ┌
  │ '[TC-PROFILE-SEC-003] primary status=', 200
  │ '[TC-PROFILE-SEC-003] expected oracle:', 'SEC-05: requ
  │ est must not cause SQL syntax errors, 500 stack traces
  │  with query text, or unauthorized data change. Record 
  │ status and GET/list side effects. User profile must re
  │ main intact on GET /api/users/me.'
  └

□ FR-04 — Profile / Security / TC-PROFILE-SEC-004
└ 1 — PUT /api/users/me
  PUT http://localhost:3000/api/users/me [200 OK, 296B, 17ms]
  √  [TC-PROFILE-SEC-004] primary — response received
  √  [TC-PROFILE-SEC-004] primary — JSON or empty body
  √  [TC-PROFILE-SEC-004] primary — response time < 10s
  ┌
  │ '[TC-PROFILE-SEC-004] primary status=', 200
  │ '[TC-PROFILE-SEC-004] expected oracle:', 'SEC-05: requ
  │ est must not cause SQL syntax errors, 500 stack traces
  │  with query text, or unauthorized data change. Record 
  │ status and GET/list side effects. Record stored phone;
  │  injection string must not silently pass as a valid FR
  │ -04 phone.'
  └

□ FR-04 — Profile / Security / TC-PROFILE-SEC-005
└ 1 — PUT /api/users/me
  PUT http://localhost:3000/api/users/me [200 OK, 296B, 15ms]
  √  [TC-PROFILE-SEC-005] primary — response received
  √  [TC-PROFILE-SEC-005] primary — JSON or empty body
  √  [TC-PROFILE-SEC-005] primary — response time < 10s
  ┌
  │ '[TC-PROFILE-SEC-005] primary status=', 200
  │ '[TC-PROFILE-SEC-005] expected oracle:', 'SEC-04: at A
  │ PI layer record whether payload is stored/returned as 
  │ literal text without server execution; UI escaping is 
  │ a manual follow-up. role and email unchanged.'
  └

□ FR-04 — Profile / Security / TC-PROFILE-SEC-006
└ 1 — PUT /api/users/me
  PUT http://localhost:3000/api/users/me [200 OK, 296B, 14ms]
  √  [TC-PROFILE-SEC-006] primary — response received
  √  [TC-PROFILE-SEC-006] primary — JSON or empty body
  √  [TC-PROFILE-SEC-006] primary — response time < 10s
  ┌
  │ '[TC-PROFILE-SEC-006] primary status=', 200
  │ '[TC-PROFILE-SEC-006] expected oracle:', 'SEC-04: at A
  │ PI layer record whether payload is stored/returned as 
  │ literal text without server execution; UI escaping is 
  │ a manual follow-up.'
  └

□ FR-04 — Profile / Security / TC-PROFILE-SEC-007
└ 1 — PUT /api/users/me
  PUT http://localhost:3000/api/users/me [200 OK, 296B, 16ms]
  √  [TC-PROFILE-SEC-007] primary — response received
  √  [TC-PROFILE-SEC-007] primary — JSON or empty body
  √  [TC-PROFILE-SEC-007] primary — response time < 10s
  ┌
  │ '[TC-PROFILE-SEC-007] primary status=', 200
  │ '[TC-PROFILE-SEC-007] expected oracle:', 'SEC-06 / FR-
  │ 04: role must remain user on GET /api/users/me. Docume
  │ nted fields may update. HTTP status and error body are
  │  not specified — record actual without inventing codes
  │ .'
  └

□ FR-04 — Profile / Security / TC-PROFILE-SEC-008
└ 1 — PUT /api/users/me
  PUT http://localhost:3000/api/users/me [200 OK, 296B, 4ms]
  √  [TC-PROFILE-SEC-008] primary — response received
  √  [TC-PROFILE-SEC-008] primary — JSON or empty body
  √  [TC-PROFILE-SEC-008] primary — response time < 10s
  ┌
  │ '[TC-PROFILE-SEC-008] primary status=', 200
  │ '[TC-PROFILE-SEC-008] expected oracle:', 'SEC-01 / FR-
  │ 04: PUT documents only name, phone, shipping_address. 
  │ Password must not be overwritten (observe via POST /ap
  │ i/login with original password; GET /api/users/me must
  │  not expose password). HTTP status and error body are 
  │ not specified — record actual without inventing codes.
  │ '
  └

□ FR-04 — Profile / Security / TC-PROFILE-SEC-009
└ 1 — PUT /api/users/me
  PUT http://localhost:3000/api/users/me [401 Unauthorized, 301B, 1ms]
  √  [TC-PROFILE-SEC-009] primary — response received
  √  [TC-PROFILE-SEC-009] primary — JSON or empty body
  √  [TC-PROFILE-SEC-009] primary — response time < 10s
  ┌
  │ '[TC-PROFILE-SEC-009] primary status=', 401
  │ '[TC-PROFILE-SEC-009] expected oracle:', 'SEC-02: prot
  │ ected endpoint requires a valid JWT; attack must not a
  │ pply the intended change. HTTP status and error body a
  │ re not specified — record actual without inventing cod
  │ es. GET /api/users/me with valid token shows snapshot 
  │ profile unchanged.'
  └

□ FR-04 — Profile / Security / TC-PROFILE-SEC-010
└ 1 — PUT /api/users/me
  PUT http://localhost:3000/api/users/me [403 Forbidden, 295B, 2ms]
  √  [TC-PROFILE-SEC-010] primary — response received
  √  [TC-PROFILE-SEC-010] primary — JSON or empty body
  √  [TC-PROFILE-SEC-010] primary — response time < 10s
  ┌
  │ '[TC-PROFILE-SEC-010] primary status=', 403
  │ '[TC-PROFILE-SEC-010] expected oracle:', 'SEC-02: prot
  │ ected endpoint requires a valid JWT; attack must not a
  │ pply the intended change. HTTP status and error body a
  │ re not specified — record actual without inventing cod
  │ es.'
  └

□ FR-04 — Profile / Security / TC-PROFILE-SEC-011
└ 1 — PUT /api/users/me
  PUT http://localhost:3000/api/users/me [200 OK, 296B, 2ms]
  √  [TC-PROFILE-SEC-011] primary — response received
  √  [TC-PROFILE-SEC-011] primary — JSON or empty body
  √  [TC-PROFILE-SEC-011] primary — response time < 10s
  ┌
  │ '[TC-PROFILE-SEC-011] primary status=', 200
  │ '[TC-PROFILE-SEC-011] expected oracle:', 'email remain
  │ s test@eshop.com. Other fields may update. Request rej
  │ ected or email ignored. HTTP status and error body are
  │  not specified — record actual without inventing codes
  │ .'
  └

□ FR-04 — Profile / Security / TC-PROFILE-SEC-012
└ 1 — PUT /api/users/me
  PUT http://localhost:3000/api/users/me [200 OK, 296B, 2ms]
  √  [TC-PROFILE-SEC-012] primary — response received
  √  [TC-PROFILE-SEC-012] primary — JSON or empty body
  √  [TC-PROFILE-SEC-012] primary — response time < 10s
  ┌
  │ '[TC-PROFILE-SEC-012] primary status=', 200
  │ '[TC-PROFILE-SEC-012] expected oracle:', 'Undocumented
  │  fields login_attempts/locked_until must not change ro
  │ le or email. Record whether they appear in GET /api/us
  │ ers/me. HTTP status and error body are not specified —
  │  record actual without inventing codes.'
  └

□ FR-04 — Profile / Security / TC-PROFILE-SEC-013
└ 1 — PUT /api/users/me
  PUT http://localhost:3000/api/users/me [403 Forbidden, 295B, 3ms]
  √  [TC-PROFILE-SEC-013] primary — response received
  √  [TC-PROFILE-SEC-013] primary — JSON or empty body
  √  [TC-PROFILE-SEC-013] primary — response time < 10s
  ┌
  │ '[TC-PROFILE-SEC-013] primary status=', 403
  │ '[TC-PROFILE-SEC-013] expected oracle:', 'SEC-05: requ
  │ est must not cause SQL syntax errors, 500 stack traces
  │  with query text, or unauthorized data change. Record 
  │ status and GET/list side effects. SEC-02: protected en
  │ dpoint requires a valid JWT; attack must not apply the
  │  intended change. HTTP status and error body are not s
  │ pecified — record actual without inventing codes.'
  └

□ FR-04 — Profile / Security / TC-PROFILE-SEC-014
└ 1 — PUT /api/users/me
  PUT http://localhost:3000/api/users/me [200 OK, 296B, 19ms]
  √  [TC-PROFILE-SEC-014] primary — response received
  √  [TC-PROFILE-SEC-014] primary — JSON or empty body
  √  [TC-PROFILE-SEC-014] primary — response time < 10s
  ┌
  │ '[TC-PROFILE-SEC-014] primary status=', 200
  │ '[TC-PROFILE-SEC-014] expected oracle:', 'SEC-04: at A
  │ PI layer record whether payload is stored/returned as 
  │ literal text without server execution; UI escaping is 
  │ a manual follow-up. No server-side template evaluation
  │  in API JSON.'
  └

□ FR-04 — Profile / Security / TC-PROFILE-SEC-SUP-001
└ 1 — PUT /api/users/me
  PUT http://localhost:3000/api/users/me [200 OK, 296B, 16ms]
  √  [TC-PROFILE-SEC-SUP-001] step-1 — response received
  √  [TC-PROFILE-SEC-SUP-001] step-1 — JSON or empty body
  √  [TC-PROFILE-SEC-SUP-001] step-1 — response time < 10s
  ┌
  │ '[TC-PROFILE-SEC-SUP-001] step-1 status=', 200
  │ '[TC-PROFILE-SEC-SUP-001] expected oracle:', 'SEC-06: 
  │ role must remain user regardless of ordering. GET show
  │ s one coherent profile; role must not become admin. Re
  │ cord which PUT wins for name. HTTP status is not speci
  │ fied — record actual without inventing codes.'
  └

└ 2 — PUT /api/users/me
  PUT http://localhost:3000/api/users/me [200 OK, 296B, 2ms]
  √  [TC-PROFILE-SEC-SUP-001] step-2 — response received
  √  [TC-PROFILE-SEC-SUP-001] step-2 — JSON or empty body
  √  [TC-PROFILE-SEC-SUP-001] step-2 — response time < 10s
  ┌
  │ '[TC-PROFILE-SEC-SUP-001] step-2 status=', 200
  │ '[TC-PROFILE-SEC-SUP-001] expected oracle:', 'SEC-06: 
  │ role must remain user regardless of ordering. GET show
  │ s one coherent profile; role must not become admin. Re
  │ cord which PUT wins for name. HTTP status is not speci
  │ fied — record actual without inventing codes.'
  └

└ 3 — GET /api/users/me
  GET http://localhost:3000/api/users/me [200 OK, 484B, 3ms]
  √  [TC-PROFILE-SEC-SUP-001] step-3 — response received
  √  [TC-PROFILE-SEC-SUP-001] step-3 — JSON or empty body
  √  [TC-PROFILE-SEC-SUP-001] step-3 — response time < 10s
  ┌
  │ '[TC-PROFILE-SEC-SUP-001] step-3 status=', 200
  │ '[TC-PROFILE-SEC-SUP-001] expected oracle:', 'SEC-06: 
  │ role must remain user regardless of ordering. GET show
  │ s one coherent profile; role must not become admin. Re
  │ cord which PUT wins for name. HTTP status is not speci
  │ fied — record actual without inventing codes.'
  └

□ FR-04 — Profile / Security / TC-PROFILE-SEC-SUP-002
└ 1 — PUT /api/users/me
  PUT http://localhost:3000/api/users/me [200 OK, 296B, 16ms]
  √  [TC-PROFILE-SEC-SUP-002] primary — response received
  √  [TC-PROFILE-SEC-SUP-002] primary — JSON or empty body
  √  [TC-PROFILE-SEC-SUP-002] primary — response time < 10s
  ┌
  │ '[TC-PROFILE-SEC-SUP-002] primary status=', 200
  │ '[TC-PROFILE-SEC-SUP-002] expected oracle:', 'FR-04: P
  │ UT documents only name, phone, shipping_address. Clien
  │ t must not rebind profile to another user id — GET sti
  │ ll shows test@eshop.com and original id. HTTP status i
  │ s not specified — record actual without inventing code
  │ s.'
  └

□ FR-04 — Profile / Security / TC-PROFILE-SEC-SUP-003
└ 1 — PUT /api/users/me
  PUT http://localhost:3000/api/users/me [200 OK, 296B, 14ms]
  √  [TC-PROFILE-SEC-SUP-003] primary — response received
  √  [TC-PROFILE-SEC-SUP-003] primary — JSON or empty body
  √  [TC-PROFILE-SEC-SUP-003] primary — response time < 10s
  ┌
  │ '[TC-PROFILE-SEC-SUP-003] primary status=', 200
  │ '[TC-PROFILE-SEC-SUP-003] expected oracle:', 'SEC-05: 
  │ null byte must not truncate stored name or cause SQL/5
  │ 00 leak. GET shows literal storage or rejection; email
  │ /role unchanged. HTTP status is not specified — record
  │  actual without inventing codes.'
  └

□ FR-04 — Profile / Security / TC-PROFILE-SEC-SUP-004
└ 1 — PUT /api/users/me
  PUT http://localhost:3000/api/users/me [500 Internal Server Error, 1.84kB, 2ms]
  √  [TC-PROFILE-SEC-SUP-004] primary — response received
  √  [TC-PROFILE-SEC-SUP-004] primary — JSON or empty body
  √  [TC-PROFILE-SEC-SUP-004] primary — response time < 10s
  ┌
  │ '[TC-PROFILE-SEC-SUP-004] primary status=', 500
  │ '[TC-PROFILE-SEC-SUP-004] expected oracle:', 'SEC-02: 
  │ profile must not change if body is ignored or parsed u
  │ nsafely. GET matches snapshot unless plain-text update
  │ s allowed (they are not). HTTP status is not specified
  │  — record actual without inventing codes.'
  └

□ FR-04 — Profile / Security / TC-PROFILE-SEC-SUP-005
└ 1 — PUT /api/users/me
  PUT http://localhost:3000/api/users/me [200 OK, 296B, 16ms]
  √  [TC-PROFILE-SEC-SUP-005] step-1 — response received
  √  [TC-PROFILE-SEC-SUP-005] step-1 — JSON or empty body
  √  [TC-PROFILE-SEC-SUP-005] step-1 — response time < 10s
  ┌
  │ '[TC-PROFILE-SEC-SUP-005] step-1 status=', 200
  │ '[TC-PROFILE-SEC-SUP-005] expected oracle:', 'GET must
  │  return exactly one stored name value, not concatenate
  │ d/corrupt. SEC-04/SEC-05: no server execution/SQL leak
  │ . email/role unchanged. Record winner. HTTP status is 
  │ not specified — record actual without inventing codes.
  │ '
  └

└ 2 — PUT /api/users/me
  PUT http://localhost:3000/api/users/me [200 OK, 296B, 2ms]
  √  [TC-PROFILE-SEC-SUP-005] step-2 — response received
  √  [TC-PROFILE-SEC-SUP-005] step-2 — JSON or empty body
  √  [TC-PROFILE-SEC-SUP-005] step-2 — response time < 10s
  ┌
  │ '[TC-PROFILE-SEC-SUP-005] step-2 status=', 200
  │ '[TC-PROFILE-SEC-SUP-005] expected oracle:', 'GET must
  │  return exactly one stored name value, not concatenate
  │ d/corrupt. SEC-04/SEC-05: no server execution/SQL leak
  │ . email/role unchanged. Record winner. HTTP status is 
  │ not specified — record actual without inventing codes.
  │ '
  └

└ 3 — GET /api/users/me
  GET http://localhost:3000/api/users/me [200 OK, 484B, 2ms]
  √  [TC-PROFILE-SEC-SUP-005] step-3 — response received
  √  [TC-PROFILE-SEC-SUP-005] step-3 — JSON or empty body
  √  [TC-PROFILE-SEC-SUP-005] step-3 — response time < 10s
  ┌
  │ '[TC-PROFILE-SEC-SUP-005] step-3 status=', 200
  │ '[TC-PROFILE-SEC-SUP-005] expected oracle:', 'GET must
  │  return exactly one stored name value, not concatenate
  │ d/corrupt. SEC-04/SEC-05: no server execution/SQL leak
  │ . email/role unchanged. Record winner. HTTP status is 
  │ not specified — record actual without inventing codes.
  │ '
  └

□ FR-04 — Profile / SchemaValidation / TC-PROFILE-SCH-001
└ 1 — GET /api/users/me
  GET http://localhost:3000/api/users/me [200 OK, 484B, 2ms]
  √  [TC-PROFILE-SCH-001] primary — response received
  √  [TC-PROFILE-SCH-001] primary — JSON or empty body
  √  [TC-PROFILE-SCH-001] primary — response time < 10s
  ┌
  │ '[TC-PROFILE-SCH-001] primary status=', 200
  │ '[TC-PROFILE-SCH-001] expected oracle:', 'Body is a JS
  │ ON object. Response Content-Type header includes appli
  │ cation/json (or charset=utf-8 JSON body). HTTP status 
  │ is not specified in api_specification.md — record actu
  │ al without inventing codes.'
  └

□ FR-04 — Profile / SchemaValidation / TC-PROFILE-SCH-002
└ 1 — GET /api/users/me
  GET http://localhost:3000/api/users/me [200 OK, 484B, 3ms]
  √  [TC-PROFILE-SCH-002] primary — response received
  √  [TC-PROFILE-SCH-002] primary — JSON or empty body
  √  [TC-PROFILE-SCH-002] primary — response time < 10s
  ┌
  │ '[TC-PROFILE-SCH-002] primary status=', 200
  │ '[TC-PROFILE-SCH-002] expected oracle:', 'If name is r
  │ eturned on GET /api/users/me, typeof must be string (F
  │ R-04 profile field). Record if absent — GET field list
  │  not in api_spec.'
  └

□ FR-04 — Profile / SchemaValidation / TC-PROFILE-SCH-003
└ 1 — GET /api/users/me
  GET http://localhost:3000/api/users/me [200 OK, 484B, 2ms]
  √  [TC-PROFILE-SCH-003] primary — response received
  √  [TC-PROFILE-SCH-003] primary — JSON or empty body
  √  [TC-PROFILE-SCH-003] primary — response time < 10s
  ┌
  │ '[TC-PROFILE-SCH-003] primary status=', 200
  │ '[TC-PROFILE-SCH-003] expected oracle:', 'If phone is 
  │ returned on GET /api/users/me, typeof must be string. 
  │ FR-04 phone format applies to value, not JSON type. Re
  │ cord if absent.'
  └

□ FR-04 — Profile / SchemaValidation / TC-PROFILE-SCH-004
└ 1 — GET /api/users/me
  GET http://localhost:3000/api/users/me [200 OK, 484B, 3ms]
  √  [TC-PROFILE-SCH-004] primary — response received
  √  [TC-PROFILE-SCH-004] primary — JSON or empty body
  √  [TC-PROFILE-SCH-004] primary — response time < 10s
  ┌
  │ '[TC-PROFILE-SCH-004] primary status=', 200
  │ '[TC-PROFILE-SCH-004] expected oracle:', 'If shipping_
  │ address is returned on GET /api/users/me, typeof must 
  │ be string. Record if absent — not documented on GET in
  │  api_spec.'
  └

□ FR-04 — Profile / SchemaValidation / TC-PROFILE-SCH-005
└ 1 — GET /api/users/me
  GET http://localhost:3000/api/users/me [200 OK, 484B, 1ms]
  √  [TC-PROFILE-SCH-005] primary — response received
  √  [TC-PROFILE-SCH-005] primary — JSON or empty body
  √  [TC-PROFILE-SCH-005] primary — response time < 10s
  ┌
  │ '[TC-PROFILE-SCH-005] primary status=', 200
  │ '[TC-PROFILE-SCH-005] expected oracle:', 'email is str
  │ ing equal to test@eshop.com (FR-04: email immutable).'
  └

□ FR-04 — Profile / SchemaValidation / TC-PROFILE-SCH-006
└ 1 — GET /api/users/me
  GET http://localhost:3000/api/users/me [200 OK, 484B, 4ms]
  √  [TC-PROFILE-SCH-006] primary — response received
  √  [TC-PROFILE-SCH-006] primary — JSON or empty body
  √  [TC-PROFILE-SCH-006] primary — response time < 10s
  ┌
  │ '[TC-PROFILE-SCH-006] primary status=', 200
  │ '[TC-PROFILE-SCH-006] expected oracle:', 'role is stri
  │ ng with value user (FR-04 / SEC-06 immutability contex
  │ t).'
  └

□ FR-04 — Profile / SchemaValidation / TC-PROFILE-SCH-007
└ 1 — GET /api/users/me
  GET http://localhost:3000/api/users/me [200 OK, 484B, 2ms]
  √  [TC-PROFILE-SCH-007] primary — response received
  √  [TC-PROFILE-SCH-007] primary — JSON or empty body
  √  [TC-PROFILE-SCH-007] primary — response time < 10s
  ┌
  │ '[TC-PROFILE-SCH-007] primary status=', 200
  │ '[TC-PROFILE-SCH-007] expected oracle:', 'Response obj
  │ ect must not contain password or password_hash (SEC-01
  │ ). Other fields may exist — record keys.'
  └

□ FR-04 — Profile / SchemaValidation / TC-PROFILE-SCH-008
└ 1 — PUT /api/users/me
  PUT http://localhost:3000/api/users/me [200 OK, 296B, 2ms]
  √  [TC-PROFILE-SCH-008] primary — response received
  √  [TC-PROFILE-SCH-008] primary — JSON or empty body
  √  [TC-PROFILE-SCH-008] primary — response time < 10s
  ┌
  │ '[TC-PROFILE-SCH-008] primary status=', 200
  │ '[TC-PROFILE-SCH-008] expected oracle:', 'PUT succeeds
  │  per spec example shape (three string fields). GET ref
  │ lects submitted string values. HTTP status is not spec
  │ ified in api_specification.md — record actual without 
  │ inventing codes.'
  └

□ FR-04 — Profile / SchemaValidation / TC-PROFILE-SCH-009
└ 1 — PUT /api/users/me
  PUT http://localhost:3000/api/users/me [200 OK, 296B, 13ms]
  √  [TC-PROFILE-SCH-009] primary — response received
  √  [TC-PROFILE-SCH-009] primary — JSON or empty body
  √  [TC-PROFILE-SCH-009] primary — response time < 10s
  ┌
  │ '[TC-PROFILE-SCH-009] primary status=', 200
  │ '[TC-PROFILE-SCH-009] expected oracle:', 'Response bod
  │ y is JSON object (not array/HTML). Field names/types n
  │ ot documented in api_spec — record actual. HTTP status
  │  is not specified in api_specification.md — record act
  │ ual without inventing codes.'
  └

□ FR-04 — Profile / SchemaValidation / TC-PROFILE-SCH-010
└ 1 — GET /api/users/me
  GET http://localhost:3000/api/users/me [200 OK, 477B, 3ms]
  √  [TC-PROFILE-SCH-010] primary — response received
  √  [TC-PROFILE-SCH-010] primary — JSON or empty body
  √  [TC-PROFILE-SCH-010] primary — response time < 10s
  ┌
  │ '[TC-PROFILE-SCH-010] primary status=', 200
  │ '[TC-PROFILE-SCH-010] expected oracle:', 'Response Con
  │ tent-Type header includes application/json (or charset
  │ =utf-8 JSON body).'
  └

□ FR-04 — Profile / SchemaValidation / TC-PROFILE-SCH-011
└ 1 — PUT /api/users/me
  PUT http://localhost:3000/api/users/me [200 OK, 296B, 17ms]
  √  [TC-PROFILE-SCH-011] primary — response received
  √  [TC-PROFILE-SCH-011] primary — JSON or empty body
  √  [TC-PROFILE-SCH-011] primary — response time < 10s
  ┌
  │ '[TC-PROFILE-SCH-011] primary status=', 200
  │ '[TC-PROFILE-SCH-011] expected oracle:', 'Spec example
  │  types phone as string. Record whether server coerces 
  │ number to string, rejects, or stores number. HTTP stat
  │ us is not specified in api_specification.md — record a
  │ ctual without inventing codes.'
  └

□ FR-04 — Profile / SchemaValidation / TC-PROFILE-SCH-012
└ 1 — PUT /api/users/me
  PUT http://localhost:3000/api/users/me [200 OK, 296B, 17ms]
  √  [TC-PROFILE-SCH-012] primary — response received
  √  [TC-PROFILE-SCH-012] primary — JSON or empty body
  √  [TC-PROFILE-SCH-012] primary — response time < 10s
  ┌
  │ '[TC-PROFILE-SCH-012] primary status=', 200
  │ '[TC-PROFILE-SCH-012] expected oracle:', 'Response is 
  │ JSON (object or documented error shape). Partial updat
  │ e semantics not specified — record GET field values. H
  │ TTP status is not specified in api_specification.md — 
  │ record actual without inventing codes.'
  └

□ FR-04 — Profile / SchemaValidation / TC-PROFILE-SCH-013
└ 1 — GET /api/users/me
  GET http://localhost:3000/api/users/me [200 OK, 446B, 3ms]
  √  [TC-PROFILE-SCH-013] primary — response received
  √  [TC-PROFILE-SCH-013] primary — JSON or empty body
  √  [TC-PROFILE-SCH-013] primary — response time < 10s
  ┌
  │ '[TC-PROFILE-SCH-013] primary status=', 200
  │ '[TC-PROFILE-SCH-013] expected oracle:', 'If id is ret
  │ urned, it must be JSON number (not string). If absent,
  │  record — not documented in api_spec GET.'
  └

□ FR-04 — Profile / SchemaValidation / TC-PROFILE-SCH-014
└ 1 — GET /api/users/me
  GET http://localhost:3000/api/users/me [401 Unauthorized, 301B, 2ms]
  √  [TC-PROFILE-SCH-014] primary — response received
  √  [TC-PROFILE-SCH-014] primary — JSON or empty body
  √  [TC-PROFILE-SCH-014] primary — response time < 10s
  ┌
  │ '[TC-PROFILE-SCH-014] primary status=', 401
  │ '[TC-PROFILE-SCH-014] expected oracle:', 'Body must no
  │ t be HTML error page with stack trace. If JSON error o
  │ bject, record keys (spec does not define auth error sc
  │ hema). HTTP status is not specified in api_specificati
  │ on.md — record actual without inventing codes.'
  └

□ FR-04 — Profile / SchemaValidation / TC-PROFILE-SCH-SUP-001
└ 1 — GET /api/users/me
  GET http://localhost:3000/api/users/me [200 OK, 446B, 3ms]
  √  [TC-PROFILE-SCH-SUP-001] primary — response received
  √  [TC-PROFILE-SCH-SUP-001] primary — JSON or empty body
  √  [TC-PROFILE-SCH-SUP-001] primary — response time < 10s
  ┌
  │ '[TC-PROFILE-SCH-SUP-001] primary status=', 200
  │ '[TC-PROFILE-SCH-SUP-001] expected oracle:', 'Record a
  │ ll top-level keys on GET /api/users/me. login_attempts
  │ /locked_until may appear — not in api_spec. Flag as sc
  │ hema over-exposure if present. HTTP status is not spec
  │ ified in api_specification.md — record actual without 
  │ inventing codes.'
  └

□ FR-04 — Profile / SchemaValidation / TC-PROFILE-SCH-SUP-002
└ 1 — PUT /api/users/me
  PUT http://localhost:3000/api/users/me [200 OK, 296B, 3ms]
  √  [TC-PROFILE-SCH-SUP-002] primary — response received
  √  [TC-PROFILE-SCH-SUP-002] primary — JSON or empty body
  √  [TC-PROFILE-SCH-SUP-002] primary — response time < 10s
  ┌
  │ '[TC-PROFILE-SCH-SUP-002] primary status=', 200
  │ '[TC-PROFILE-SCH-SUP-002] expected oracle:', 'api_spec
  │  shows flat body keys. Server must reject or ignore ne
  │ sted envelope; record GET profile. HTTP status is not 
  │ specified in api_specification.md — record actual with
  │ out inventing codes.'
  └

□ FR-04 — Profile / SchemaValidation / TC-PROFILE-SCH-SUP-003
└ 1 — GET /api/users/me
  GET http://localhost:3000/api/users/me [200 OK, 446B, 2ms]
  √  [TC-PROFILE-SCH-SUP-003] primary — response received
  √  [TC-PROFILE-SCH-SUP-003] primary — JSON or empty body
  √  [TC-PROFILE-SCH-SUP-003] primary — response time < 10s
  ┌
  │ '[TC-PROFILE-SCH-SUP-003] primary status=', 200
  │ '[TC-PROFILE-SCH-SUP-003] expected oracle:', 'List all
  │  keys. Must not include password, password_hash, or ha
  │ sh. Document unexpected sensitive-looking keys.'
  └

□ FR-04 — Profile / SchemaValidation / TC-PROFILE-SCH-SUP-004
└ 1 — PUT /api/users/me
  PUT http://localhost:3000/api/users/me [200 OK, 296B, 3ms]
  √  [TC-PROFILE-SCH-SUP-004] primary — response received
  √  [TC-PROFILE-SCH-SUP-004] primary — JSON or empty body
  √  [TC-PROFILE-SCH-SUP-004] primary — response time < 10s
  ┌
  │ '[TC-PROFILE-SCH-SUP-004] primary status=', 200
  │ '[TC-PROFILE-SCH-SUP-004] expected oracle:', 'Profile 
  │ must not update from array body. Response JSON or pars
  │ e error — record shape. HTTP status is not specified i
  │ n api_specification.md — record actual without inventi
  │ ng codes.'
  └

□ FR-04 — Profile / SchemaValidation / TC-PROFILE-SCH-SUP-005
└ 1 — PUT /api/users/me
  PUT http://localhost:3000/api/users/me [200 OK, 296B, 14ms]
  √  [TC-PROFILE-SCH-SUP-005] primary — response received
  √  [TC-PROFILE-SCH-SUP-005] primary — JSON or empty body
  √  [TC-PROFILE-SCH-SUP-005] primary — response time < 10s
  ┌
  │ '[TC-PROFILE-SCH-SUP-005] primary status=', 200
  │ '[TC-PROFILE-SCH-SUP-005] expected oracle:', 'Record w
  │ hether PUT with Content-Type application/json; charset
  │ =utf-8 parses and updates profile. Do not require Char
  │ set Name unless observed. HTTP status is not specified
  │  in api_specification.md — record actual without inven
  │ ting codes.'
  └

□ FR-07 — Cart / DomainPartition / TC-CART-001
└ 1 — POST /api/cart
  POST http://localhost:3000/api/cart [200 OK, 294B, 3ms]
  √  [TC-CART-001] primary — response received
  √  [TC-CART-001] primary — JSON or empty body
  √  [TC-CART-001] primary — response time < 10s
  ┌
  │ '[TC-CART-001] primary status=', 200
  │ '[TC-CART-001] expected oracle:', "The authenticated u
  │ ser's cart includes a line for product id=1 with quant
  │ ity 2 (or merged qty if a line already existed — FR-07
  │ ). Success status/body are not specified."
  └

□ FR-07 — Cart / DomainPartition / TC-CART-002
└ 1 — POST /api/cart
  POST http://localhost:3000/api/cart [200 OK, 294B, 2ms]
  √  [TC-CART-002] primary — response received
  √  [TC-CART-002] primary — JSON or empty body
  √  [TC-CART-002] primary — response time < 10s
  ┌
  │ '[TC-CART-002] primary status=', 200
  │ '[TC-CART-002] expected oracle:', 'Quantity 1 is not s
  │ pecified as the API minimum. Treat as a typical add: G
  │ ET /api/cart includes product 1. Do not use this case 
  │ to prove an API min=1 rule. Success status/body not sp
  │ ecified.'
  └

□ FR-07 — Cart / DomainPartition / TC-CART-003
└ 1 — POST /api/cart
  POST http://localhost:3000/api/cart [200 OK, 294B, 3ms]
  √  [TC-CART-003] primary — response received
  √  [TC-CART-003] primary — JSON or empty body
  √  [TC-CART-003] primary — response time < 10s
  ┌
  │ '[TC-CART-003] primary status=', 200
  │ '[TC-CART-003] expected oracle:', 'GET /api/cart as th
  │ e same user includes a line for id=5. Success status/b
  │ ody not specified.'
  └

□ FR-07 — Cart / DomainPartition / TC-CART-004
└ 1 — POST /api/cart
  POST http://localhost:3000/api/cart [200 OK, 294B, 1ms]
  √  [TC-CART-004] primary — response received
  √  [TC-CART-004] primary — JSON or empty body
  √  [TC-CART-004] primary — response time < 10s
  ┌
  │ '[TC-CART-004] primary status=', 200
  │ '[TC-CART-004] expected oracle:', 'GET /api/cart inclu
  │ des a line for id=1 reflecting quantity 10 (or merged)
  │ . Success status/body not specified.'
  └

□ FR-07 — Cart / DomainPartition / TC-CART-005
└ 1 — POST /api/cart
  POST http://localhost:3000/api/cart [200 OK, 294B, 3ms]
  √  [TC-CART-005] primary — response received
  √  [TC-CART-005] primary — JSON or empty body
  √  [TC-CART-005] primary — response time < 10s
  ┌
  │ '[TC-CART-005] primary status=', 200
  │ '[TC-CART-005] expected oracle:', "GET /api/cart with 
  │ the same admin token shows the added line on that user
  │ 's cart. Success status/body not specified."
  └

□ FR-07 — Cart / DomainPartition / TC-CART-006
└ 1 — POST /api/cart
  POST http://localhost:3000/api/cart [200 OK, 294B, 2ms]
  √  [TC-CART-006] primary — response received
  √  [TC-CART-006] primary — JSON or empty body
  √  [TC-CART-006] primary — response time < 10s
  ┌
  │ '[TC-CART-006] primary status=', 200
  │ '[TC-CART-006] expected oracle:', 'GET /api/cart shows
  │  exactly one line for product 1 with quantity 2 (1+1).
  │  A second row for the same product fails FR-07. Succes
  │ s status/body not specified.'
  └

□ FR-07 — Cart / DomainPartition / TC-CART-007
└ 1 — POST /api/cart
  POST http://localhost:3000/api/cart [200 OK, 294B, 3ms]
  √  [TC-CART-007] primary — response received
  √  [TC-CART-007] primary — JSON or empty body
  √  [TC-CART-007] primary — response time < 10s
  ┌
  │ '[TC-CART-007] primary status=', 200
  │ '[TC-CART-007] expected oracle:', 'GET /api/cart conta
  │ ins distinct lines for id=1 and id=2. Product 1 quanti
  │ ty is unchanged.'
  └

□ FR-07 — Cart / DomainPartition / TC-CART-008
└ 1 — POST /api/cart
  POST http://localhost:3000/api/cart [200 OK, 294B, 2ms]
  √  [TC-CART-008] primary — response received
  √  [TC-CART-008] primary — JSON or empty body
  √  [TC-CART-008] primary — response time < 10s
  ┌
  │ '[TC-CART-008] primary status=', 200
  │ '[TC-CART-008] expected oracle:', 'The SRS and api_spe
  │ cification.md do not state this input is invalid or re
  │ quired. Do not expect rejection. Record what the SUT d
  │ oes; do not fail it against an invented rule.'
  └

□ FR-07 — Cart / DomainPartition / TC-CART-009
└ 1 — POST /api/cart
  POST http://localhost:3000/api/cart [200 OK, 294B, 2ms]
  √  [TC-CART-009] primary — response received
  √  [TC-CART-009] primary — JSON or empty body
  √  [TC-CART-009] primary — response time < 10s
  ┌
  │ '[TC-CART-009] primary status=', 200
  │ '[TC-CART-009] expected oracle:', 'The SRS and api_spe
  │ cification.md do not state this input is invalid or re
  │ quired. Do not expect rejection. Record what the SUT d
  │ oes; do not fail it against an invented rule.'
  └

□ FR-07 — Cart / DomainPartition / TC-CART-010
└ 1 — POST /api/cart
  POST http://localhost:3000/api/cart [200 OK, 294B, 2ms]
  √  [TC-CART-010] primary — response received
  √  [TC-CART-010] primary — JSON or empty body
  √  [TC-CART-010] primary — response time < 10s
  ┌
  │ '[TC-CART-010] primary status=', 200
  │ '[TC-CART-010] expected oracle:', 'The SRS and api_spe
  │ cification.md do not state this input is invalid or re
  │ quired. Do not expect rejection. Record what the SUT d
  │ oes; do not fail it against an invented rule.'
  └

□ FR-07 — Cart / DomainPartition / TC-CART-011
└ 1 — POST /api/cart
  POST http://localhost:3000/api/cart [200 OK, 294B, 3ms]
  √  [TC-CART-011] primary — response received
  √  [TC-CART-011] primary — JSON or empty body
  √  [TC-CART-011] primary — response time < 10s
  ┌
  │ '[TC-CART-011] primary status=', 200
  │ '[TC-CART-011] expected oracle:', 'The SRS and api_spe
  │ cification.md do not state this input is invalid or re
  │ quired. Do not expect rejection. Record what the SUT d
  │ oes; do not fail it against an invented rule.'
  └

□ FR-07 — Cart / DomainPartition / TC-CART-012
└ 1 — POST /api/cart
  POST http://localhost:3000/api/cart [200 OK, 294B, 3ms]
  √  [TC-CART-012] primary — response received
  √  [TC-CART-012] primary — JSON or empty body
  √  [TC-CART-012] primary — response time < 10s
  ┌
  │ '[TC-CART-012] primary status=', 200
  │ '[TC-CART-012] expected oracle:', 'The SRS and api_spe
  │ cification.md do not state this input is invalid or re
  │ quired. Do not expect rejection. Record what the SUT d
  │ oes; do not fail it against an invented rule.'
  └

□ FR-07 — Cart / DomainPartition / TC-CART-013
└ 1 — POST /api/cart
  POST http://localhost:3000/api/cart [200 OK, 294B, 2ms]
  √  [TC-CART-013] primary — response received
  √  [TC-CART-013] primary — JSON or empty body
  √  [TC-CART-013] primary — response time < 10s
  ┌
  │ '[TC-CART-013] primary status=', 200
  │ '[TC-CART-013] expected oracle:', 'The SRS and api_spe
  │ cification.md do not state this input is invalid or re
  │ quired. Do not expect rejection. Record what the SUT d
  │ oes; do not fail it against an invented rule.'
  └

□ FR-07 — Cart / DomainPartition / TC-CART-014
└ 1 — POST /api/cart
  POST http://localhost:3000/api/cart [200 OK, 294B, 4ms]
  √  [TC-CART-014] primary — response received
  √  [TC-CART-014] primary — JSON or empty body
  √  [TC-CART-014] primary — response time < 10s
  ┌
  │ '[TC-CART-014] primary status=', 200
  │ '[TC-CART-014] expected oracle:', 'The SRS and api_spe
  │ cification.md do not state this input is invalid or re
  │ quired. Do not expect rejection. Record what the SUT d
  │ oes; do not fail it against an invented rule.'
  └

□ FR-07 — Cart / DomainPartition / TC-CART-015
└ 1 — POST /api/cart
  POST http://localhost:3000/api/cart [200 OK, 294B, 2ms]
  √  [TC-CART-015] primary — response received
  √  [TC-CART-015] primary — JSON or empty body
  √  [TC-CART-015] primary — response time < 10s
  ┌
  │ '[TC-CART-015] primary status=', 200
  │ '[TC-CART-015] expected oracle:', 'No type-coercion ru
  │ le is specified. Do not expect accept, reject, or a pa
  │ rticular coerced value. Record actual behaviour.'
  └

□ FR-07 — Cart / DomainPartition / TC-CART-016
└ 1 — POST /api/cart
  POST http://localhost:3000/api/cart [200 OK, 294B, 2ms]
  √  [TC-CART-016] primary — response received
  √  [TC-CART-016] primary — JSON or empty body
  √  [TC-CART-016] primary — response time < 10s
  ┌
  │ '[TC-CART-016] primary status=', 200
  │ '[TC-CART-016] expected oracle:', 'The SRS and api_spe
  │ cification.md do not state this input is invalid or re
  │ quired. Do not expect rejection. Record what the SUT d
  │ oes; do not fail it against an invented rule.'
  └

□ FR-07 — Cart / DomainPartition / TC-CART-017
└ 1 — POST /api/cart
  POST http://localhost:3000/api/cart [200 OK, 294B, 3ms]
  √  [TC-CART-017] primary — response received
  √  [TC-CART-017] primary — JSON or empty body
  √  [TC-CART-017] primary — response time < 10s
  ┌
  │ '[TC-CART-017] primary status=', 200
  │ '[TC-CART-017] expected oracle:', 'The SRS and api_spe
  │ cification.md do not state this input is invalid or re
  │ quired. Do not expect rejection. Record what the SUT d
  │ oes; do not fail it against an invented rule.'
  └

□ FR-07 — Cart / DomainPartition / TC-CART-018
└ 1 — POST /api/cart
  POST http://localhost:3000/api/cart [200 OK, 294B, 3ms]
  √  [TC-CART-018] primary — response received
  √  [TC-CART-018] primary — JSON or empty body
  √  [TC-CART-018] primary — response time < 10s
  ┌
  │ '[TC-CART-018] primary status=', 200
  │ '[TC-CART-018] expected oracle:', 'The SRS and api_spe
  │ cification.md do not state this input is invalid or re
  │ quired. Do not expect rejection. Record what the SUT d
  │ oes; do not fail it against an invented rule.'
  └

□ FR-07 — Cart / DomainPartition / TC-CART-019
└ 1 — POST /api/cart
  POST http://localhost:3000/api/cart [200 OK, 294B, 2ms]
  √  [TC-CART-019] primary — response received
  √  [TC-CART-019] primary — JSON or empty body
  √  [TC-CART-019] primary — response time < 10s
  ┌
  │ '[TC-CART-019] primary status=', 200
  │ '[TC-CART-019] expected oracle:', 'The SRS and api_spe
  │ cification.md do not state this input is invalid or re
  │ quired. Do not expect rejection. Record what the SUT d
  │ oes; do not fail it against an invented rule.'
  └

□ FR-07 — Cart / DomainPartition / TC-CART-020
└ 1 — POST /api/cart
  POST http://localhost:3000/api/cart [200 OK, 294B, 2ms]
  √  [TC-CART-020] primary — response received
  √  [TC-CART-020] primary — JSON or empty body
  √  [TC-CART-020] primary — response time < 10s
  ┌
  │ '[TC-CART-020] primary status=', 200
  │ '[TC-CART-020] expected oracle:', 'No type-coercion ru
  │ le is specified. Do not expect accept, reject, or a pa
  │ rticular coerced value. Record actual behaviour.'
  └

□ FR-07 — Cart / DomainPartition / TC-CART-021
└ 1 — POST /api/cart
  POST http://localhost:3000/api/cart [200 OK, 294B, 2ms]
  √  [TC-CART-021] primary — response received
  √  [TC-CART-021] primary — JSON or empty body
  √  [TC-CART-021] primary — response time < 10s
  ┌
  │ '[TC-CART-021] primary status=', 200
  │ '[TC-CART-021] expected oracle:', 'The SRS and api_spe
  │ cification.md do not state this input is invalid or re
  │ quired. Do not expect rejection. Record what the SUT d
  │ oes; do not fail it against an invented rule.'
  └

□ FR-07 — Cart / DomainPartition / TC-CART-022
└ 1 — POST /api/cart
  POST http://localhost:3000/api/cart [200 OK, 294B, 3ms]
  √  [TC-CART-022] primary — response received
  √  [TC-CART-022] primary — JSON or empty body
  √  [TC-CART-022] primary — response time < 10s
  ┌
  │ '[TC-CART-022] primary status=', 200
  │ '[TC-CART-022] expected oracle:', 'No maximum length/q
  │ uantity is specified. Do not expect accept or reject. 
  │ Record actual behaviour.'
  └

□ FR-07 — Cart / DomainPartition / TC-CART-023
└ 1 — POST /api/cart
  POST http://localhost:3000/api/cart [200 OK, 294B, 4ms]
  √  [TC-CART-023] primary — response received
  √  [TC-CART-023] primary — JSON or empty body
  √  [TC-CART-023] primary — response time < 10s
  ┌
  │ '[TC-CART-023] primary status=', 200
  │ '[TC-CART-023] expected oracle:', 'The SRS and api_spe
  │ cification.md do not state this input is invalid or re
  │ quired. Do not expect rejection. Record what the SUT d
  │ oes; do not fail it against an invented rule.'
  └

□ FR-07 — Cart / DomainPartition / TC-CART-024
└ 1 — POST /api/cart
  POST http://localhost:3000/api/cart [200 OK, 294B, 2ms]
  √  [TC-CART-024] primary — response received
  √  [TC-CART-024] primary — JSON or empty body
  √  [TC-CART-024] primary — response time < 10s
  ┌
  │ '[TC-CART-024] primary status=', 200
  │ '[TC-CART-024] expected oracle:', 'The SRS and api_spe
  │ cification.md do not state this input is invalid or re
  │ quired. Do not expect rejection. Record what the SUT d
  │ oes; do not fail it against an invented rule.'
  └

□ FR-07 — Cart / DomainPartition / TC-CART-025
└ 1 — POST /api/cart
  POST http://localhost:3000/api/cart [200 OK, 294B, 2ms]
  √  [TC-CART-025] primary — response received
  √  [TC-CART-025] primary — JSON or empty body
  √  [TC-CART-025] primary — response time < 10s
  ┌
  │ '[TC-CART-025] primary status=', 200
  │ '[TC-CART-025] expected oracle:', 'price is not specif
  │ ied as required on POST /api/cart. Do not expect rejec
  │ tion. Observe whether a cart line is added and what pr
  │ ice (if any) is stored. Do not apply FR-15 (product CR
  │ UD price > 0) to this endpoint.'
  └

□ FR-07 — Cart / DomainPartition / TC-CART-026
└ 1 — POST /api/cart
  POST http://localhost:3000/api/cart [200 OK, 294B, 2ms]
  √  [TC-CART-026] primary — response received
  √  [TC-CART-026] primary — JSON or empty body
  √  [TC-CART-026] primary — response time < 10s
  ┌
  │ '[TC-CART-026] primary status=', 200
  │ '[TC-CART-026] expected oracle:', 'No type-coercion ru
  │ le is specified. Do not expect accept, reject, or a pa
  │ rticular coerced value. Record actual behaviour.'
  └

□ FR-07 — Cart / DomainPartition / TC-CART-027
└ 1 — POST /api/cart
  POST http://localhost:3000/api/cart [200 OK, 294B, 2ms]
  √  [TC-CART-027] primary — response received
  √  [TC-CART-027] primary — JSON or empty body
  √  [TC-CART-027] primary — response time < 10s
  ┌
  │ '[TC-CART-027] primary status=', 200
  │ '[TC-CART-027] expected oracle:', 'The SRS and api_spe
  │ cification.md do not state this input is invalid or re
  │ quired. Do not expect rejection. Record what the SUT d
  │ oes; do not fail it against an invented rule.'
  └

□ FR-07 — Cart / DomainPartition / TC-CART-028
└ 1 — POST /api/cart
  POST http://localhost:3000/api/cart [200 OK, 294B, 2ms]
  √  [TC-CART-028] primary — response received
  √  [TC-CART-028] primary — JSON or empty body
  √  [TC-CART-028] primary — response time < 10s
  ┌
  │ '[TC-CART-028] primary status=', 200
  │ '[TC-CART-028] expected oracle:', 'The SRS and api_spe
  │ cification.md do not state this input is invalid or re
  │ quired. Do not expect rejection. Record what the SUT d
  │ oes; do not fail it against an invented rule.'
  └

□ FR-07 — Cart / DomainPartition / TC-CART-029
└ 1 — POST /api/cart
  POST http://localhost:3000/api/cart [200 OK, 294B, 2ms]
  √  [TC-CART-029] primary — response received
  √  [TC-CART-029] primary — JSON or empty body
  √  [TC-CART-029] primary — response time < 10s
  ┌
  │ '[TC-CART-029] primary status=', 200
  │ '[TC-CART-029] expected oracle:', 'The SRS and api_spe
  │ cification.md do not state this input is invalid or re
  │ quired. Do not expect rejection. Record what the SUT d
  │ oes; do not fail it against an invented rule.'
  └

□ FR-07 — Cart / DomainPartition / TC-CART-030
└ 1 — POST /api/cart
  POST http://localhost:3000/api/cart [200 OK, 294B, 2ms]
  √  [TC-CART-030] primary — response received
  √  [TC-CART-030] primary — JSON or empty body
  √  [TC-CART-030] primary — response time < 10s
  ┌
  │ '[TC-CART-030] primary status=', 200
  │ '[TC-CART-030] expected oracle:', 'The SRS and api_spe
  │ cification.md do not state this input is invalid or re
  │ quired. Do not expect rejection. Record what the SUT d
  │ oes; do not fail it against an invented rule.'
  └

□ FR-07 — Cart / DomainPartition / TC-CART-031
└ 1 — POST /api/cart
  POST http://localhost:3000/api/cart [200 OK, 294B, 2ms]
  √  [TC-CART-031] primary — response received
  √  [TC-CART-031] primary — JSON or empty body
  √  [TC-CART-031] primary — response time < 10s
  ┌
  │ '[TC-CART-031] primary status=', 200
  │ '[TC-CART-031] expected oracle:', 'The SRS and api_spe
  │ cification.md do not state this input is invalid or re
  │ quired. Do not expect rejection. Record what the SUT d
  │ oes; do not fail it against an invented rule.'
  └

□ FR-07 — Cart / DomainPartition / TC-CART-032
└ 1 — POST /api/cart
  POST http://localhost:3000/api/cart [401 Unauthorized, 301B, 3ms]
  √  [TC-CART-032] primary — response received
  √  [TC-CART-032] primary — JSON or empty body
  √  [TC-CART-032] primary — response time < 10s
  ┌
  │ '[TC-CART-032] primary status=', 401
  │ '[TC-CART-032] expected oracle:', 'POST /api/cart requ
  │ ires Authorization: Bearer <token> (API spec §4). No c
  │ art line is added for this caller. HTTP status is not 
  │ specified.'
  └

□ FR-07 — Cart / DomainPartition / TC-CART-033
└ 1 — POST /api/cart
  POST http://localhost:3000/api/cart [401 Unauthorized, 301B, 2ms]
  √  [TC-CART-033] primary — response received
  √  [TC-CART-033] primary — JSON or empty body
  √  [TC-CART-033] primary — response time < 10s
  ┌
  │ '[TC-CART-033] primary status=', 401
  │ '[TC-CART-033] expected oracle:', 'POST /api/cart requ
  │ ires Authorization: Bearer <token> (API spec §4). No c
  │ art line is added for this caller. HTTP status is not 
  │ specified.'
  └

□ FR-07 — Cart / DomainPartition / TC-CART-034
└ 1 — POST /api/cart
  POST http://localhost:3000/api/cart [403 Forbidden, 295B, 2ms]
  √  [TC-CART-034] primary — response received
  √  [TC-CART-034] primary — JSON or empty body
  √  [TC-CART-034] primary — response time < 10s
  ┌
  │ '[TC-CART-034] primary status=', 403
  │ '[TC-CART-034] expected oracle:', 'POST /api/cart requ
  │ ires Authorization: Bearer <token> (API spec §4). No c
  │ art line is added for this caller. HTTP status is not 
  │ specified.'
  └

□ FR-07 — Cart / DomainPartition / TC-CART-035
└ 1 — POST /api/cart
  POST http://localhost:3000/api/cart [400 Bad Request, 1.63kB, 3ms]
  √  [TC-CART-035] primary — response received
  √  [TC-CART-035] primary — JSON or empty body
  √  [TC-CART-035] primary — response time < 10s
  ┌
  │ '[TC-CART-035] primary status=', 400
  │ '[TC-CART-035] expected oracle:', 'The SRS and api_spe
  │ cification.md do not state this input is invalid or re
  │ quired. Do not expect rejection. Record what the SUT d
  │ oes; do not fail it against an invented rule.'
  └

□ FR-07 — Cart / DomainPartition / TC-CART-036
└ 1 — POST /api/cart
  POST http://localhost:3000/api/cart [400 Bad Request, 1.63kB, 3ms]
  √  [TC-CART-036] primary — response received
  √  [TC-CART-036] primary — JSON or empty body
  √  [TC-CART-036] primary — response time < 10s
  ┌
  │ '[TC-CART-036] primary status=', 400
  │ '[TC-CART-036] expected oracle:', 'The body is not the
  │  documented JSON object. Do not treat this payload as 
  │ a successful add. HTTP status is not specified.'
  └

□ FR-07 — Cart / DomainPartition / TC-CART-037
└ 1 — POST /api/cart
  POST http://localhost:3000/api/cart [200 OK, 294B, 3ms]
  √  [TC-CART-037] primary — response received
  √  [TC-CART-037] primary — JSON or empty body
  √  [TC-CART-037] primary — response time < 10s
  ┌
  │ '[TC-CART-037] primary status=', 200
  │ '[TC-CART-037] expected oracle:', 'The SRS and api_spe
  │ cification.md do not state this input is invalid or re
  │ quired. Do not expect rejection. Record what the SUT d
  │ oes; do not fail it against an invented rule.'
  └

□ FR-07 — Cart / DomainPartition / TC-CART-038
└ 1 — POST /api/cart
  POST http://localhost:3000/api/cart [200 OK, 294B, 3ms]
  √  [TC-CART-038] primary — response received
  √  [TC-CART-038] primary — JSON or empty body
  √  [TC-CART-038] primary — response time < 10s
  ┌
  │ '[TC-CART-038] primary status=', 200
  │ '[TC-CART-038] expected oracle:', 'Extra-field handlin
  │ g is not specified. Documented fields may still update
  │ . Do not assert how the extra field is stored or rejec
  │ ted.'
  └

□ FR-07 — Cart / DomainPartition / TC-CART-039
└ 1 — POST /api/cart
  POST http://localhost:3000/api/cart [200 OK, 294B, 3ms]
  √  [TC-CART-039] primary — response received
  √  [TC-CART-039] primary — JSON or empty body
  √  [TC-CART-039] primary — response time < 10s
  ┌
  │ '[TC-CART-039] primary status=', 200
  │ '[TC-CART-039] expected oracle:', 'The SRS and api_spe
  │ cification.md do not state this input is invalid or re
  │ quired. Do not expect rejection. Record what the SUT d
  │ oes; do not fail it against an invented rule.'
  └

□ FR-07 — Cart / DomainPartition / TC-CART-SUP-001
└ 1 — POST /api/cart
  POST http://localhost:3000/api/cart [200 OK, 294B, 3ms]
  √  [TC-CART-SUP-001] primary — response received
  √  [TC-CART-SUP-001] primary — JSON or empty body
  √  [TC-CART-SUP-001] primary — response time < 10s
  ┌
  │ '[TC-CART-SUP-001] primary status=', 200
  │ '[TC-CART-SUP-001] expected oracle:', 'FR-07 same-prod
  │ uct merge does not define identity key (id vs name). R
  │ ecord: one line qty=2 if id-keyed, or two lines if nam
  │ e-keyed. Fail only on crash or lost qty.'
  └

□ FR-07 — Cart / DomainPartition / TC-CART-SUP-002
└ 1 — POST /api/cart
  POST http://localhost:3000/api/cart [200 OK, 294B, 3ms]
  √  [TC-CART-SUP-002] primary — response received
  √  [TC-CART-SUP-002] primary — JSON or empty body
  √  [TC-CART-SUP-002] primary — response time < 10s
  ┌
  │ '[TC-CART-SUP-002] primary status=', 200
  │ '[TC-CART-SUP-002] expected oracle:', 'FR-07: one line
  │  id=1 with quantity 5 (2+3). No second row.'
  └

□ FR-07 — Cart / DomainPartition / TC-CART-SUP-003
└ 1 — POST /api/cart
  POST http://localhost:3000/api/cart [200 OK, 294B, 3ms]
  √  [TC-CART-SUP-003] primary — response received
  √  [TC-CART-SUP-003] primary — JSON or empty body
  √  [TC-CART-SUP-003] primary — response time < 10s
  ┌
  │ '[TC-CART-SUP-003] primary status=', 200
  │ '[TC-CART-SUP-003] expected oracle:', 'FR-07 merge: on
  │ e line for id=1 if id-keyed. Stored price after merge 
  │ not specified. Fail if second line for id=1.'
  └

□ FR-07 — Cart / DomainPartition / TC-CART-SUP-004
└ 1 — POST /api/cart
  POST http://localhost:3000/api/cart [200 OK, 294B, 3ms]
  √  [TC-CART-SUP-004] primary — response received
  √  [TC-CART-SUP-004] primary — JSON or empty body
  √  [TC-CART-SUP-004] primary — response time < 10s
  ┌
  │ '[TC-CART-SUP-004] primary status=', 200
  │ '[TC-CART-SUP-004] expected oracle:', 'Minimal body id
  │ +quantity only. name/price not required per spec — rec
  │ ord line shape; do not expect reject solely for omissi
  │ on.'
  └

□ FR-07 — Cart / DomainPartition / TC-CART-SUP-005
└ 1 — POST /api/cart
  POST http://localhost:3000/api/cart [200 OK, 294B, 2ms]
  √  [TC-CART-SUP-005] primary — response received
  √  [TC-CART-SUP-005] primary — JSON or empty body
  √  [TC-CART-SUP-005] primary — response time < 10s
  ┌
  │ '[TC-CART-SUP-005] primary status=', 200
  │ '[TC-CART-SUP-005] expected oracle:', 'FR-07: two line
  │ s remain; id=1 qty=3 (1+2); id=2 qty=1 unchanged.'
  └

□ FR-07 — Cart / StateTransition / TC-CART-ST-001
└ 1 — POST /api/cart
  POST http://localhost:3000/api/cart [200 OK, 294B, 3ms]
  √  [TC-CART-ST-001] primary — response received
  √  [TC-CART-ST-001] primary — JSON or empty body
  √  [TC-CART-ST-001] primary — response time < 10s
  ┌
  │ '[TC-CART-ST-001] primary status=', 200
  │ '[TC-CART-ST-001] expected oracle:', 'GET /api/cart sh
  │ ows exactly one line id=1 qty=1 (C_SINGLE). FR-07: add
  │ ing the same product increases quantity and must not c
  │ reate a new line.'
  └

□ FR-07 — Cart / StateTransition / TC-CART-ST-002
└ 2 — GET /api/cart
  GET http://localhost:3000/api/cart [200 OK, 2.77kB, 2ms]
  √  [TC-CART-ST-002] step-2 — response received
  √  [TC-CART-ST-002] step-2 — JSON or empty body
  √  [TC-CART-ST-002] step-2 — response time < 10s
  ┌
  │ '[TC-CART-ST-002] step-2 status=', 200
  │ '[TC-CART-ST-002] expected oracle:', 'GET /api/cart sh
  │ ows one line id=1 qty=2. No second row. FR-07: adding 
  │ the same product increases quantity and must not creat
  │ e a new line. Success status/body for POST /api/cart i
  │ s not specified.'
  └

□ FR-07 — Cart / StateTransition / TC-CART-ST-003
└ 1 — POST /api/cart
  POST http://localhost:3000/api/cart [200 OK, 294B, 2ms]
  √  [TC-CART-ST-003] primary — response received
  √  [TC-CART-ST-003] primary — JSON or empty body
  √  [TC-CART-ST-003] primary — response time < 10s
  ┌
  │ '[TC-CART-ST-003] primary status=', 200
  │ '[TC-CART-ST-003] expected oracle:', 'GET shows two li
  │ nes: id=1 qty=1 unchanged, id=2 qty=1 added (C_TWO). S
  │ uccess status/body not specified.'
  └

□ FR-07 — Cart / StateTransition / TC-CART-ST-004
└ 2 — GET /api/cart
  GET http://localhost:3000/api/cart [200 OK, 2.83kB, 2ms]
  √  [TC-CART-ST-004] step-2 — response received
  √  [TC-CART-ST-004] step-2 — JSON or empty body
  √  [TC-CART-ST-004] step-2 — response time < 10s
  ┌
  │ '[TC-CART-ST-004] step-2 status=', 200
  │ '[TC-CART-ST-004] expected oracle:', 'id=1 qty=3 (1+2 
  │ merged), id=2 qty=1 unchanged, two lines total. FR-07:
  │  adding the same product increases quantity and must n
  │ ot create a new line. Success status/body for POST /ap
  │ i/cart is not specified.'
  └

□ FR-07 — Cart / StateTransition / TC-CART-ST-005
└ 1 — POST /api/cart
  POST http://localhost:3000/api/cart [200 OK, 294B, 3ms]
  √  [TC-CART-ST-005] primary — response received
  √  [TC-CART-ST-005] primary — JSON or empty body
  √  [TC-CART-ST-005] primary — response time < 10s
  ┌
  │ '[TC-CART-ST-005] primary status=', 200
  │ '[TC-CART-ST-005] expected oracle:', 'GET shows three 
  │ distinct lines; prior lines unchanged except new id=3 
  │ line. Success status/body not specified.'
  └

□ FR-07 — Cart / StateTransition / TC-CART-ST-006
└ 3 — GET /api/cart
  GET http://localhost:3000/api/cart [200 OK, 2.89kB, 3ms]
  √  [TC-CART-ST-006] step-3 — response received
  √  [TC-CART-ST-006] step-3 — JSON or empty body
  √  [TC-CART-ST-006] step-3 — response time < 10s
  ┌
  │ '[TC-CART-ST-006] step-3 status=', 200
  │ '[TC-CART-ST-006] expected oracle:', 'Exactly one line
  │  id=1 qty=2 after both POSTs. FR-07: adding the same p
  │ roduct increases quantity and must not create a new li
  │ ne. Success status/body for POST /api/cart is not spec
  │ ified.'
  └

□ FR-07 — Cart / StateTransition / TC-CART-ST-007
└ 2 — GET /api/cart
  GET http://localhost:3000/api/cart [200 OK, 2.89kB, 2ms]
  √  [TC-CART-ST-007] step-2 — response received
  √  [TC-CART-ST-007] step-2 — JSON or empty body
  √  [TC-CART-ST-007] step-2 — response time < 10s
  ┌
  │ '[TC-CART-ST-007] step-2 status=', 200
  │ '[TC-CART-ST-007] expected oracle:', 'One line id=1 qt
  │ y=8 (5+3). FR-07: adding the same product increases qu
  │ antity and must not create a new line. Success status/
  │ body for POST /api/cart is not specified.'
  └

□ FR-07 — Cart / StateTransition / TC-CART-ST-008
└ 2 — GET /api/cart
  GET http://localhost:3000/api/cart [200 OK, 2.89kB, 2ms]
  √  [TC-CART-ST-008] step-2 — response received
  √  [TC-CART-ST-008] step-2 — JSON or empty body
  √  [TC-CART-ST-008] step-2 — response time < 10s
  ┌
  │ '[TC-CART-ST-008] step-2 status=', 200
  │ '[TC-CART-ST-008] expected oracle:', 'One line id=1 qt
  │ y=4 (2+2). Never two rows for id=1. FR-07: adding the 
  │ same product increases quantity and must not create a 
  │ new line. Success status/body for POST /api/cart is no
  │ t specified.'
  └

□ FR-07 — Cart / StateTransition / TC-CART-ST-009
└ 2 — GET /api/cart
  GET http://localhost:3000/api/cart [200 OK, 2.89kB, 3ms]
  √  [TC-CART-ST-009] step-2 — response received
  √  [TC-CART-ST-009] step-2 — JSON or empty body
  √  [TC-CART-ST-009] step-2 — response time < 10s
  ┌
  │ '[TC-CART-ST-009] step-2 status=', 200
  │ '[TC-CART-ST-009] expected oracle:', 'Each GET reflect
  │ s all prior POSTs for this user. No undocumented reset
  │  between steps.'
  └

└ 4 — GET /api/cart
  GET http://localhost:3000/api/cart [200 OK, 2.89kB, 2ms]
  √  [TC-CART-ST-009] step-4 — response received
  √  [TC-CART-ST-009] step-4 — JSON or empty body
  √  [TC-CART-ST-009] step-4 — response time < 10s
  ┌
  │ '[TC-CART-ST-009] step-4 status=', 200
  │ '[TC-CART-ST-009] expected oracle:', 'Each GET reflect
  │ s all prior POSTs for this user. No undocumented reset
  │  between steps.'
  └

□ FR-07 — Cart / StateTransition / TC-CART-ST-010
└ 1 — POST /api/cart
  POST http://localhost:3000/api/cart [200 OK, 294B, 2ms]
  √  [TC-CART-ST-010] primary — response received
  √  [TC-CART-ST-010] primary — JSON or empty body
  √  [TC-CART-ST-010] primary — response time < 10s
  ┌
  │ '[TC-CART-ST-010] primary status=', 200
  │ '[TC-CART-ST-010] expected oracle:', "Admin GET /api/c
  │ art does not contain user A's line. User A cart has th
  │ e posted line."
  └

□ FR-07 — Cart / StateTransition / TC-CART-ST-011
└ 3 — GET /api/cart
  GET http://localhost:3000/api/cart [200 OK, 2.89kB, 2ms]
  √  [TC-CART-ST-011] step-3 — response received
  √  [TC-CART-ST-011] step-3 — JSON or empty body
  √  [TC-CART-ST-011] step-3 — response time < 10s
  ┌
  │ '[TC-CART-ST-011] step-3 status=', 200
  │ '[TC-CART-ST-011] expected oracle:', 'FR-08: after suc
  │ cessful checkout the cart is cleared. Checkout success
  │  status/body and order shape are not specified.'
  └

□ FR-07 — Cart / StateTransition / TC-CART-ST-012
└ 2 — GET /api/cart
  GET http://localhost:3000/api/cart [200 OK, 2.89kB, 1ms]
  √  [TC-CART-ST-012] step-2 — response received
  √  [TC-CART-ST-012] step-2 — JSON or empty body
  √  [TC-CART-ST-012] step-2 — response time < 10s
  ┌
  │ '[TC-CART-ST-012] step-2 status=', 200
  │ '[TC-CART-ST-012] expected oracle:', 'GET shows exactl
  │ y one new line id=1 qty=1. No lines from any prior non
  │ -empty cart state.'
  └

□ FR-07 — Cart / StateTransition / TC-CART-ST-013
└ 2 — GET /api/cart
  GET http://localhost:3000/api/cart [200 OK, 2.89kB, 2ms]
  √  [TC-CART-ST-013] step-2 — response received
  √  [TC-CART-ST-013] step-2 — JSON or empty body
  √  [TC-CART-ST-013] step-2 — response time < 10s
  ┌
  │ '[TC-CART-ST-013] step-2 status=', 200
  │ '[TC-CART-ST-013] expected oracle:', 'POST /api/cart o
  │ nly adds quantity per FR-07 merge semantics. GET qty s
  │ hould not decrease below 5 unless a remove API exists 
  │ (none in spec). Record resulting qty.'
  └

□ FR-07 — Cart / StateTransition / TC-CART-ST-014
└ 3 — GET /api/cart
  GET http://localhost:3000/api/cart [200 OK, 2.89kB, 2ms]
  √  [TC-CART-ST-014] step-3 — response received
  √  [TC-CART-ST-014] step-3 — JSON or empty body
  √  [TC-CART-ST-014] step-3 — response time < 10s
  ┌
  │ '[TC-CART-ST-014] step-3 status=', 200
  │ '[TC-CART-ST-014] expected oracle:', 'One line id=1 qt
  │ y=5. FR-07: adding the same product increases quantity
  │  and must not create a new line. Success status/body f
  │ or POST /api/cart is not specified.'
  └

□ FR-07 — Cart / StateTransition / TC-CART-ST-015
└ 3 — GET /api/cart
  GET http://localhost:3000/api/cart [401 Unauthorized, 301B, 3ms]
  √  [TC-CART-ST-015] step-3 — response received
  √  [TC-CART-ST-015] step-3 — JSON or empty body
  √  [TC-CART-ST-015] step-3 — response time < 10s
  ┌
  │ '[TC-CART-ST-015] step-3 status=', 401
  │ '[TC-CART-ST-015] expected oracle:', 'After re-login, 
  │ GET /api/cart still shows id=1 if cart is server-persi
  │ sted per user. If in-memory only, record actual — pers
  │ istence medium not specified.'
  └

□ FR-07 — Cart / StateTransition / TC-CART-ST-SUP-001
└ 2 — GET /api/cart
  GET http://localhost:3000/api/cart [200 OK, 2.89kB, 1ms]
  √  [TC-CART-ST-SUP-001] step-2 — response received
  √  [TC-CART-ST-SUP-001] step-2 — JSON or empty body
  √  [TC-CART-ST-SUP-001] step-2 — response time < 10s
  ┌
  │ '[TC-CART-ST-SUP-001] step-2 status=', 200
  │ '[TC-CART-ST-SUP-001] expected oracle:', 'FR-07: id=2 
  │ qty=3 (1+2 merged). id=1 and id=3 each qty=1 unchanged
  │ . Still three lines. No duplicate row for id=2. Succes
  │ s status/body not specified.'
  └

□ FR-07 — Cart / StateTransition / TC-CART-ST-SUP-002
└ 1 — POST /api/cart
  POST http://localhost:3000/api/cart [200 OK, 294B, 3ms]
  √  [TC-CART-ST-SUP-002] step-1 — response received
  √  [TC-CART-ST-SUP-002] step-1 — JSON or empty body
  √  [TC-CART-ST-SUP-002] step-1 — response time < 10s
  ┌
  │ '[TC-CART-ST-SUP-002] step-1 status=', 200
  │ '[TC-CART-ST-SUP-002] expected oracle:', 'FR-07 requir
  │ es at most one line for id=1 with qty=2 after both add
  │ s succeed. If two separate lines for id=1 appear, that
  │  violates merge. Record line count and qty. HTTP statu
  │ s is not specified — record actual without inventing c
  │ odes.'
  └

└ 2 — GET /api/cart
  GET http://localhost:3000/api/cart [200 OK, 2.95kB, 2ms]
  √  [TC-CART-ST-SUP-002] step-2 — response received
  √  [TC-CART-ST-SUP-002] step-2 — JSON or empty body
  √  [TC-CART-ST-SUP-002] step-2 — response time < 10s
  ┌
  │ '[TC-CART-ST-SUP-002] step-2 status=', 200
  │ '[TC-CART-ST-SUP-002] expected oracle:', 'FR-07 requir
  │ es at most one line for id=1 with qty=2 after both add
  │ s succeed. If two separate lines for id=1 appear, that
  │  violates merge. Record line count and qty. HTTP statu
  │ s is not specified — record actual without inventing c
  │ odes.'
  └

□ FR-07 — Cart / StateTransition / TC-CART-ST-SUP-003
└ 2 — GET /api/cart
  GET http://localhost:3000/api/cart [200 OK, 2.95kB, 2ms]
  √  [TC-CART-ST-SUP-003] step-2 — response received
  √  [TC-CART-ST-SUP-003] step-2 — JSON or empty body
  √  [TC-CART-ST-SUP-003] step-2 — response time < 10s
  ┌
  │ '[TC-CART-ST-SUP-003] step-2 status=', 200
  │ '[TC-CART-ST-SUP-003] expected oracle:', 'FR-08 clears
  │  cart only after successful checkout. On failed checko
  │ ut, GET /api/cart should still show C_MULTI lines — fa
  │ ilure mode not specified. Record checkout status and c
  │ art snapshot. Cross-FR probe (FR-07 cart state via FR-
  │ 08). HTTP status is not specified — record actual with
  │ out inventing codes.'
  └

□ FR-07 — Cart / StateTransition / TC-CART-ST-SUP-004
└ 2 — GET /api/cart
  GET http://localhost:3000/api/cart [200 OK, 2.95kB, 2ms]
  √  [TC-CART-ST-SUP-004] step-2 — response received
  √  [TC-CART-ST-SUP-004] step-2 — JSON or empty body
  √  [TC-CART-ST-SUP-004] step-2 — response time < 10s
  ┌
  │ '[TC-CART-ST-SUP-004] step-2 status=', 200
  │ '[TC-CART-ST-SUP-004] expected oracle:', 'FR-07: id=3 
  │ qty=5 (1+4 merged). id=1 and id=2 each qty=1 unchanged
  │ . Three lines total. No duplicate row for id=3.'
  └

□ FR-07 — Cart / StateTransition / TC-CART-ST-SUP-005
└ 1 — POST /api/cart
  POST http://localhost:3000/api/cart [200 OK, 294B, 2ms]
  √  [TC-CART-ST-SUP-005] step-1 — response received
  √  [TC-CART-ST-SUP-005] step-1 — JSON or empty body
  √  [TC-CART-ST-SUP-005] step-1 — response time < 10s
  ┌
  │ '[TC-CART-ST-SUP-005] step-1 status=', 200
  │ '[TC-CART-ST-SUP-005] expected oracle:', 'Outcome not 
  │ specified. Record final GET /api/cart line count/qty a
  │ nd whether checkout completed. Must not show corrupt d
  │ uplicate lines for same id. Cross-FR probe (FR-07 + FR
  │ -08). HTTP status is not specified — record actual wit
  │ hout inventing codes.'
  └

└ 2 — GET /api/cart
  GET http://localhost:3000/api/cart [200 OK, 3kB, 3ms]
  √  [TC-CART-ST-SUP-005] step-2 — response received
  √  [TC-CART-ST-SUP-005] step-2 — JSON or empty body
  √  [TC-CART-ST-SUP-005] step-2 — response time < 10s
  ┌
  │ '[TC-CART-ST-SUP-005] step-2 status=', 200
  │ '[TC-CART-ST-SUP-005] expected oracle:', 'Outcome not 
  │ specified. Record final GET /api/cart line count/qty a
  │ nd whether checkout completed. Must not show corrupt d
  │ uplicate lines for same id. Cross-FR probe (FR-07 + FR
  │ -08). HTTP status is not specified — record actual wit
  │ hout inventing codes.'
  └

□ FR-07 — Cart / Security / TC-CART-SEC-001
└ 1 — POST /api/cart
  POST http://localhost:3000/api/cart [401 Unauthorized, 301B, 2ms]
  √  [TC-CART-SEC-001] primary — response received
  √  [TC-CART-SEC-001] primary — JSON or empty body
  √  [TC-CART-SEC-001] primary — response time < 10s
  ┌
  │ '[TC-CART-SEC-001] primary status=', 401
  │ '[TC-CART-SEC-001] expected oracle:', 'SEC-02: protect
  │ ed endpoint requires a valid JWT; attack must not appl
  │ y the intended change. HTTP status and error body are 
  │ not specified — record actual without inventing codes.
  │  GET /api/cart as authenticated user shows cart unchan
  │ ged (no new line).'
  └

□ FR-07 — Cart / Security / TC-CART-SEC-002
└ 1 — POST /api/cart
  POST http://localhost:3000/api/cart [403 Forbidden, 295B, 3ms]
  √  [TC-CART-SEC-002] primary — response received
  √  [TC-CART-SEC-002] primary — JSON or empty body
  √  [TC-CART-SEC-002] primary — response time < 10s
  ┌
  │ '[TC-CART-SEC-002] primary status=', 403
  │ '[TC-CART-SEC-002] expected oracle:', 'SEC-02: protect
  │ ed endpoint requires a valid JWT; attack must not appl
  │ y the intended change. HTTP status and error body are 
  │ not specified — record actual without inventing codes.
  │ '
  └

□ FR-07 — Cart / Security / TC-CART-SEC-003
└ 1 — POST /api/cart
  POST http://localhost:3000/api/cart [200 OK, 294B, 2ms]
  √  [TC-CART-SEC-003] primary — response received
  √  [TC-CART-SEC-003] primary — JSON or empty body
  √  [TC-CART-SEC-003] primary — response time < 10s
  ┌
  │ '[TC-CART-SEC-003] primary status=', 200
  │ '[TC-CART-SEC-003] expected oracle:', 'SEC-05: request
  │  must not cause SQL syntax errors, 500 stack traces wi
  │ th query text, or unauthorized data change. Record sta
  │ tus and GET/list side effects. Cart data must not corr
  │ upt or leak SQL errors on GET /api/cart.'
  └

□ FR-07 — Cart / Security / TC-CART-SEC-004
└ 1 — POST /api/cart
  POST http://localhost:3000/api/cart [200 OK, 294B, 2ms]
  √  [TC-CART-SEC-004] primary — response received
  √  [TC-CART-SEC-004] primary — JSON or empty body
  √  [TC-CART-SEC-004] primary — response time < 10s
  ┌
  │ '[TC-CART-SEC-004] primary status=', 200
  │ '[TC-CART-SEC-004] expected oracle:', 'SEC-05: request
  │  must not cause SQL syntax errors, 500 stack traces wi
  │ th query text, or unauthorized data change. Record sta
  │ tus and GET/list side effects. Record coercion behavio
  │ ur on GET /api/cart; no DB error leak.'
  └

□ FR-07 — Cart / Security / TC-CART-SEC-005
└ 1 — POST /api/cart
  POST http://localhost:3000/api/cart [200 OK, 294B, 3ms]
  √  [TC-CART-SEC-005] primary — response received
  √  [TC-CART-SEC-005] primary — JSON or empty body
  √  [TC-CART-SEC-005] primary — response time < 10s
  ┌
  │ '[TC-CART-SEC-005] primary status=', 200
  │ '[TC-CART-SEC-005] expected oracle:', 'SEC-04: at API 
  │ layer record whether payload is stored/returned as lit
  │ eral text without server execution; UI escaping is a m
  │ anual follow-up.'
  └

□ FR-07 — Cart / Security / TC-CART-SEC-006
└ 1 — POST /api/cart
  POST http://localhost:3000/api/cart [200 OK, 294B, 3ms]
  √  [TC-CART-SEC-006] primary — response received
  √  [TC-CART-SEC-006] primary — JSON or empty body
  √  [TC-CART-SEC-006] primary — response time < 10s
  ┌
  │ '[TC-CART-SEC-006] primary status=', 200
  │ '[TC-CART-SEC-006] expected oracle:', 'POST /api/cart 
  │ example includes client price. Spec does not require c
  │ art POST to validate price against catalogue (FR-08 ap
  │ plies at checkout). Record stored price on GET /api/ca
  │ rt. HTTP status and error body are not specified — rec
  │ ord actual without inventing codes.'
  └

□ FR-07 — Cart / Security / TC-CART-SEC-007
└ 1 — GET /api/cart
  GET http://localhost:3000/api/cart [401 Unauthorized, 301B, 2ms]
  √  [TC-CART-SEC-007] primary — response received
  √  [TC-CART-SEC-007] primary — JSON or empty body
  √  [TC-CART-SEC-007] primary — response time < 10s
  ┌
  │ '[TC-CART-SEC-007] primary status=', 401
  │ '[TC-CART-SEC-007] expected oracle:', "User B's GET /a
  │ pi/cart must not return User A's cart lines."
  └

□ FR-07 — Cart / Security / TC-CART-SEC-008
└ 1 — POST /api/cart
  POST http://localhost:3000/api/cart [200 OK, 294B, 4ms]
  √  [TC-CART-SEC-008] primary — response received
  √  [TC-CART-SEC-008] primary — JSON or empty body
  √  [TC-CART-SEC-008] primary — response time < 10s
  ┌
  │ '[TC-CART-SEC-008] primary status=', 200
  │ '[TC-CART-SEC-008] expected oracle:', 'Line must attac
  │ h to JWT subject (test user), not admin via body user_
  │ id. GET /api/cart as test user — record actual.'
  └

□ FR-07 — Cart / Security / TC-CART-SEC-010
└ 1 — POST /api/cart
  POST http://localhost:3000/api/cart [200 OK, 294B, 2ms]
  √  [TC-CART-SEC-010] primary — response received
  √  [TC-CART-SEC-010] primary — JSON or empty body
  √  [TC-CART-SEC-010] primary — response time < 10s
  ┌
  │ '[TC-CART-SEC-010] primary status=', 200
  │ '[TC-CART-SEC-010] expected oracle:', 'SEC-05: request
  │  must not cause SQL syntax errors, 500 stack traces wi
  │ th query text, or unauthorized data change. Record sta
  │ tus and GET/list side effects. Record literal storage 
  │ vs parse error on GET /api/cart.'
  └

□ FR-07 — Cart / Security / TC-CART-SEC-011
└ 1 — POST /api/cart
  POST http://localhost:3000/api/cart [200 OK, 294B, 2ms]
  √  [TC-CART-SEC-011] primary — response received
  √  [TC-CART-SEC-011] primary — JSON or empty body
  √  [TC-CART-SEC-011] primary — response time < 10s
  ┌
  │ '[TC-CART-SEC-011] primary status=', 200
  │ '[TC-CART-SEC-011] expected oracle:', "Line must not a
  │ ppear in user C's cart unless server ignores user_id (
  │ record as finding if it does)."
  └

□ FR-07 — Cart / Security / TC-CART-SEC-012
└ 1 — POST /api/cart
  POST http://localhost:3000/api/cart [403 Forbidden, 295B, 1ms]
  √  [TC-CART-SEC-012] primary — response received
  √  [TC-CART-SEC-012] primary — JSON or empty body
  √  [TC-CART-SEC-012] primary — response time < 10s
  ┌
  │ '[TC-CART-SEC-012] primary status=', 403
  │ '[TC-CART-SEC-012] expected oracle:', 'SEC-05: request
  │  must not cause SQL syntax errors, 500 stack traces wi
  │ th query text, or unauthorized data change. Record sta
  │ tus and GET/list side effects. SEC-02: protected endpo
  │ int requires a valid JWT; attack must not apply the in
  │ tended change. HTTP status and error body are not spec
  │ ified — record actual without inventing codes.'
  └

□ FR-07 — Cart / Security / TC-CART-SEC-SUP-001
└ 2 — POST (manual parallel — see description)
  POST http://localhost:3000/api/cart [200 OK, 294B, 2ms]
  √  [TC-CART-SEC-SUP-001] step-2 — response received
  √  [TC-CART-SEC-SUP-001] step-2 — JSON or empty body
  √  [TC-CART-SEC-SUP-001] step-2 — response time < 10s
  ┌
  │ '[TC-CART-SEC-SUP-001] step-2 status=', 200
  │ '[TC-CART-SEC-SUP-001] expected oracle:', 'Parallel PO
  │ ST same id with different client prices. Record stored
  │  price and qty on GET (merge may yield qty=2). FR-08 g
  │ overns checkout totals, not POST /api/cart — do not fa
  │ il solely because price=1 was stored. HTTP status is n
  │ ot specified — record actual without inventing codes.'
  └

└ 3 — GET /api/cart
  GET http://localhost:3000/api/cart [200 OK, 3.54kB, 2ms]
  √  [TC-CART-SEC-SUP-001] step-3 — response received
  √  [TC-CART-SEC-SUP-001] step-3 — JSON or empty body
  √  [TC-CART-SEC-SUP-001] step-3 — response time < 10s
  ┌
  │ '[TC-CART-SEC-SUP-001] step-3 status=', 200
  │ '[TC-CART-SEC-SUP-001] expected oracle:', 'Parallel PO
  │ ST same id with different client prices. Record stored
  │  price and qty on GET (merge may yield qty=2). FR-08 g
  │ overns checkout totals, not POST /api/cart — do not fa
  │ il solely because price=1 was stored. HTTP status is n
  │ ot specified — record actual without inventing codes.'
  └

□ FR-07 — Cart / Security / TC-CART-SEC-SUP-002
└ 1 — POST /api/cart
  POST http://localhost:3000/api/cart [200 OK, 294B, 3ms]
  √  [TC-CART-SEC-SUP-002] primary — response received
  √  [TC-CART-SEC-SUP-002] primary — JSON or empty body
  √  [TC-CART-SEC-SUP-002] primary — response time < 10s
  ┌
  │ '[TC-CART-SEC-SUP-002] primary status=', 200
  │ '[TC-CART-SEC-SUP-002] expected oracle:', 'Negative qu
  │ antity not specified for POST /api/cart. Record whethe
  │ r line is added, qty stored negative, or request rejec
  │ ted. GET must not show corrupt cart state. HTTP status
  │  is not specified — record actual without inventing co
  │ des.'
  └

□ FR-07 — Cart / Security / TC-CART-SEC-SUP-003
└ 1 — POST /api/cart
  POST http://localhost:3000/api/cart [200 OK, 294B, 1ms]
  √  [TC-CART-SEC-SUP-003] step-1 — response received
  √  [TC-CART-SEC-SUP-003] step-1 — JSON or empty body
  √  [TC-CART-SEC-SUP-003] step-1 — response time < 10s
  ┌
  │ '[TC-CART-SEC-SUP-003] step-1 status=', 200
  │ '[TC-CART-SEC-SUP-003] expected oracle:', "Final GET m
  │ ust show id=1 qty=5 if POST succeeded. Concurrent GET 
  │ may show empty or partial — record. Must not leak anot
  │ her user's lines. No duplicate corrupt rows. HTTP stat
  │ us is not specified — record actual without inventing 
  │ codes."
  └

└ 2 — GET /api/cart
  GET http://localhost:3000/api/cart [200 OK, 3.65kB, 2ms]
  √  [TC-CART-SEC-SUP-003] step-2 — response received
  √  [TC-CART-SEC-SUP-003] step-2 — JSON or empty body
  √  [TC-CART-SEC-SUP-003] step-2 — response time < 10s
  ┌
  │ '[TC-CART-SEC-SUP-003] step-2 status=', 200
  │ '[TC-CART-SEC-SUP-003] expected oracle:', "Final GET m
  │ ust show id=1 qty=5 if POST succeeded. Concurrent GET 
  │ may show empty or partial — record. Must not leak anot
  │ her user's lines. No duplicate corrupt rows. HTTP stat
  │ us is not specified — record actual without inventing 
  │ codes."
  └

□ FR-07 — Cart / Security / TC-CART-SEC-SUP-004
└ 1 — POST /api/cart
  POST http://localhost:3000/api/cart [200 OK, 294B, 2ms]
  √  [TC-CART-SEC-SUP-004] primary — response received
  √  [TC-CART-SEC-SUP-004] primary — JSON or empty body
  √  [TC-CART-SEC-SUP-004] primary — response time < 10s
  ┌
  │ '[TC-CART-SEC-SUP-004] primary status=', 200
  │ '[TC-CART-SEC-SUP-004] expected oracle:', 'SEC-04: rec
  │ ord literal stored/returned text; note for manual UI f
  │ ollow-up. HTTP status is not specified — record actual
  │  without inventing codes.'
  └

□ FR-07 — Cart / Security / TC-CART-SEC-SUP-005
└ 1 — POST /api/cart
  POST http://localhost:3000/api/cart [200 OK, 294B, 3ms]
  √  [TC-CART-SEC-SUP-005] primary — response received
  √  [TC-CART-SEC-SUP-005] primary — JSON or empty body
  √  [TC-CART-SEC-SUP-005] primary — response time < 10s
  ┌
  │ '[TC-CART-SEC-SUP-005] primary status=', 200
  │ '[TC-CART-SEC-SUP-005] expected oracle:', 'Extreme qua
  │ ntity not specified. Record stored qty on GET; note an
  │ y integer wrap or overflow. Do not require reject/clam
  │ p unless observed. HTTP status is not specified — reco
  │ rd actual without inventing codes.'
  └

□ FR-07 — Cart / SchemaValidation / TC-CART-SCH-001
└ 1 — GET /api/cart
  GET http://localhost:3000/api/cart [200 OK, 3.81kB, 3ms]
  √  [TC-CART-SCH-001] primary — response received
  √  [TC-CART-SCH-001] primary — JSON or empty body
  √  [TC-CART-SCH-001] primary — response time < 10s
  ┌
  │ '[TC-CART-SCH-001] primary status=', 200
  │ '[TC-CART-SCH-001] expected oracle:', 'Root body is JS
  │ ON array (cart lines list). Response Content-Type head
  │ er includes application/json (or charset=utf-8 JSON bo
  │ dy).'
  └

□ FR-07 — Cart / SchemaValidation / TC-CART-SCH-002
└ 1 — GET /api/cart
  GET http://localhost:3000/api/cart [200 OK, 3.81kB, 2ms]
  √  [TC-CART-SCH-002] primary — response received
  √  [TC-CART-SCH-002] primary — JSON or empty body
  √  [TC-CART-SCH-002] primary — response time < 10s
  ┌
  │ '[TC-CART-SCH-002] primary status=', 200
  │ '[TC-CART-SCH-002] expected oracle:', 'Body equals JSO
  │ N empty array [] (length 0), not null or {}.'
  └

□ FR-07 — Cart / SchemaValidation / TC-CART-SCH-003
└ 1 — POST /api/cart
  POST http://localhost:3000/api/cart [200 OK, 294B, 3ms]
  √  [TC-CART-SCH-003] primary — response received
  √  [TC-CART-SCH-003] primary — JSON or empty body
  √  [TC-CART-SCH-003] primary — response time < 10s
  ┌
  │ '[TC-CART-SCH-003] primary status=', 200
  │ '[TC-CART-SCH-003] expected oracle:', 'Each line has i
  │ d as JSON number per POST example (id:1).'
  └

□ FR-07 — Cart / SchemaValidation / TC-CART-SCH-004
└ 1 — POST /api/cart
  POST http://localhost:3000/api/cart [200 OK, 294B, 2ms]
  √  [TC-CART-SCH-004] primary — response received
  √  [TC-CART-SCH-004] primary — JSON or empty body
  √  [TC-CART-SCH-004] primary — response time < 10s
  ┌
  │ '[TC-CART-SCH-004] primary status=', 200
  │ '[TC-CART-SCH-004] expected oracle:', 'name is string 
  │ on every cart line object.'
  └

□ FR-07 — Cart / SchemaValidation / TC-CART-SCH-005
└ 1 — POST /api/cart
  POST http://localhost:3000/api/cart [200 OK, 294B, 2ms]
  √  [TC-CART-SCH-005] primary — response received
  √  [TC-CART-SCH-005] primary — JSON or empty body
  √  [TC-CART-SCH-005] primary — response time < 10s
  ┌
  │ '[TC-CART-SCH-005] primary status=', 200
  │ '[TC-CART-SCH-005] expected oracle:', 'price is JSON n
  │ umber on each line (not string).'
  └

□ FR-07 — Cart / SchemaValidation / TC-CART-SCH-006
└ 1 — POST /api/cart
  POST http://localhost:3000/api/cart [200 OK, 294B, 3ms]
  √  [TC-CART-SCH-006] primary — response received
  √  [TC-CART-SCH-006] primary — JSON or empty body
  √  [TC-CART-SCH-006] primary — response time < 10s
  ┌
  │ '[TC-CART-SCH-006] primary status=', 200
  │ '[TC-CART-SCH-006] expected oracle:', 'quantity is JSO
  │ N number on each line.'
  └

□ FR-07 — Cart / SchemaValidation / TC-CART-SCH-007
└ 1 — POST /api/cart
  POST http://localhost:3000/api/cart [200 OK, 294B, 2ms]
  √  [TC-CART-SCH-007] primary — response received
  √  [TC-CART-SCH-007] primary — JSON or empty body
  √  [TC-CART-SCH-007] primary — response time < 10s
  ┌
  │ '[TC-CART-SCH-007] primary status=', 200
  │ '[TC-CART-SCH-007] expected oracle:', 'Response body i
  │ s JSON object. Top-level fields not documented in api_
  │ spec — record names/types. HTTP status is not specifie
  │ d in api_specification.md — record actual without inve
  │ nting codes.'
  └

□ FR-07 — Cart / SchemaValidation / TC-CART-SCH-008
└ 1 — POST /api/cart
  POST http://localhost:3000/api/cart [200 OK, 294B, 3ms]
  √  [TC-CART-SCH-008] primary — response received
  √  [TC-CART-SCH-008] primary — JSON or empty body
  √  [TC-CART-SCH-008] primary — response time < 10s
  ┌
  │ '[TC-CART-SCH-008] primary status=', 200
  │ '[TC-CART-SCH-008] expected oracle:', 'Stored line obj
  │ ect includes all four keys from api_spec example with 
  │ matching JSON types.'
  └

□ FR-07 — Cart / SchemaValidation / TC-CART-SCH-009
└ 3 — GET /api/cart
  GET http://localhost:3000/api/cart [200 OK, 3.99kB, 2ms]
  √  [TC-CART-SCH-009] step-3 — response received
  √  [TC-CART-SCH-009] step-3 — JSON or empty body
  √  [TC-CART-SCH-009] step-3 — response time < 10s
  ┌
  │ '[TC-CART-SCH-009] step-3 status=', 200
  │ '[TC-CART-SCH-009] expected oracle:', 'Array has one o
  │ bject element; quantity is number reflecting merge (FR
  │ -07). id still number.'
  └

□ FR-07 — Cart / SchemaValidation / TC-CART-SCH-010
└ 1 — POST /api/cart
  POST http://localhost:3000/api/cart [200 OK, 294B, 3ms]
  √  [TC-CART-SCH-010] primary — response received
  √  [TC-CART-SCH-010] primary — JSON or empty body
  √  [TC-CART-SCH-010] primary — response time < 10s
  ┌
  │ '[TC-CART-SCH-010] primary status=', 200
  │ '[TC-CART-SCH-010] expected oracle:', 'Spec types pric
  │ e as number. Record coercion to number vs string stora
  │ ge. HTTP status is not specified in api_specification.
  │ md — record actual without inventing codes.'
  └

□ FR-07 — Cart / SchemaValidation / TC-CART-SCH-011
└ 1 — GET /api/cart
  GET http://localhost:3000/api/cart [200 OK, 4.04kB, 2ms]
  √  [TC-CART-SCH-011] primary — response received
  √  [TC-CART-SCH-011] primary — JSON or empty body
  √  [TC-CART-SCH-011] primary — response time < 10s
  ┌
  │ '[TC-CART-SCH-011] primary status=', 200
  │ '[TC-CART-SCH-011] expected oracle:', 'Response Conten
  │ t-Type header includes application/json (or charset=ut
  │ f-8 JSON body).'
  └

□ FR-07 — Cart / SchemaValidation / TC-CART-SCH-012
└ 1 — POST /api/cart
  POST http://localhost:3000/api/cart [200 OK, 294B, 2ms]
  √  [TC-CART-SCH-012] primary — response received
  √  [TC-CART-SCH-012] primary — JSON or empty body
  √  [TC-CART-SCH-012] primary — response time < 10s
  ┌
  │ '[TC-CART-SCH-012] primary status=', 200
  │ '[TC-CART-SCH-012] expected oracle:', 'Server rejects 
  │ or ignores malformed root; response JSON or parse erro
  │ r — record shape. Cart unchanged on GET. HTTP status i
  │ s not specified in api_specification.md — record actua
  │ l without inventing codes.'
  └

□ FR-07 — Cart / SchemaValidation / TC-CART-SCH-013
└ 1 — POST /api/cart
  POST http://localhost:3000/api/cart [200 OK, 294B, 4ms]
  √  [TC-CART-SCH-013] primary — response received
  √  [TC-CART-SCH-013] primary — JSON or empty body
  √  [TC-CART-SCH-013] primary — response time < 10s
  ┌
  │ '[TC-CART-SCH-013] primary status=', 200
  │ '[TC-CART-SCH-013] expected oracle:', 'Spec types quan
  │ tity as number. Record coercion behaviour. HTTP status
  │  is not specified in api_specification.md — record act
  │ ual without inventing codes.'
  └

□ FR-07 — Cart / SchemaValidation / TC-CART-SCH-014
└ 1 — GET /api/cart
  GET http://localhost:3000/api/cart [401 Unauthorized, 301B, 2ms]
  √  [TC-CART-SCH-014] primary — response received
  √  [TC-CART-SCH-014] primary — JSON or empty body
  √  [TC-CART-SCH-014] primary — response time < 10s
  ┌
  │ '[TC-CART-SCH-014] primary status=', 401
  │ '[TC-CART-SCH-014] expected oracle:', 'Must not return
  │  cart array without auth. Error body schema not specif
  │ ied — record parseable JSON keys if any. HTTP status i
  │ s not specified in api_specification.md — record actua
  │ l without inventing codes.'
  └

□ FR-07 — Cart / SchemaValidation / TC-CART-SCH-SUP-001
└ 1 — POST /api/cart
  POST http://localhost:3000/api/cart [200 OK, 294B, 3ms]
  √  [TC-CART-SCH-SUP-001] primary — response received
  √  [TC-CART-SCH-SUP-001] primary — JSON or empty body
  √  [TC-CART-SCH-SUP-001] primary — response time < 10s
  ┌
  │ '[TC-CART-SCH-SUP-001] primary status=', 200
  │ '[TC-CART-SCH-SUP-001] expected oracle:', 'GET line ma
  │ y lack name/price keys — record keys and types. Spec e
  │ xample shows four fields; partial storage is deviation
  │ . HTTP status is not specified in api_specification.md
  │  — record actual without inventing codes.'
  └

□ FR-07 — Cart / SchemaValidation / TC-CART-SCH-SUP-002
└ 1 — POST /api/cart
  POST http://localhost:3000/api/cart [200 OK, 294B, 3ms]
  √  [TC-CART-SCH-SUP-002] primary — response received
  √  [TC-CART-SCH-SUP-002] primary — JSON or empty body
  √  [TC-CART-SCH-SUP-002] primary — response time < 10s
  ┌
  │ '[TC-CART-SCH-SUP-002] primary status=', 200
  │ '[TC-CART-SCH-SUP-002] expected oracle:', 'Record whet
  │ her GET line includes user_id/role keys. Canonical fou
  │ r fields should have correct types if present.'
  └

□ FR-07 — Cart / SchemaValidation / TC-CART-SCH-SUP-003
└ 3 — GET /api/cart
  GET http://localhost:3000/api/cart [200 OK, 4.2kB, 3ms]
  √  [TC-CART-SCH-SUP-003] step-3 — response received
  √  [TC-CART-SCH-SUP-003] step-3 — JSON or empty body
  √  [TC-CART-SCH-SUP-003] step-3 — response time < 10s
  ┌
  │ '[TC-CART-SCH-SUP-003] step-3 status=', 200
  │ '[TC-CART-SCH-SUP-003] expected oracle:', 'Array lengt
  │ h 2 (or 1 if merge — record). Compare key sets of line
  │ [0] vs line[1]; document inconsistency if one lacks na
  │ me/price.'
  └

□ FR-07 — Cart / SchemaValidation / TC-CART-SCH-SUP-004
└ 1 — POST /api/cart
  POST http://localhost:3000/api/cart [200 OK, 294B, 2ms]
  √  [TC-CART-SCH-SUP-004] primary — response received
  √  [TC-CART-SCH-SUP-004] primary — JSON or empty body
  √  [TC-CART-SCH-SUP-004] primary — response time < 10s
  ┌
  │ '[TC-CART-SCH-SUP-004] primary status=', 200
  │ '[TC-CART-SCH-SUP-004] expected oracle:', 'Record whet
  │ her GET stores null, omits name, or rejects. typeof na
  │ me on GET if present. HTTP status is not specified in 
  │ api_specification.md — record actual without inventing
  │  codes.'
  └

□ FR-07 — Cart / SchemaValidation / TC-CART-SCH-SUP-005
└ 1 — POST /api/cart
  POST http://localhost:3000/api/cart [200 OK, 294B, 3ms]
  √  [TC-CART-SCH-SUP-005] primary — response received
  √  [TC-CART-SCH-SUP-005] primary — JSON or empty body
  √  [TC-CART-SCH-SUP-005] primary — response time < 10s
  ┌
  │ '[TC-CART-SCH-SUP-005] primary status=', 200
  │ '[TC-CART-SCH-SUP-005] expected oracle:', 'GET line qu
  │ antity reflects parser last-wins or first-wins — recor
  │ d. id/name/price types unchanged.'
  └

□ FR-19 — Admin Users / DomainPartition / TC-ADMINUSERS-001
└ 1 — DELETE /api/admin/users/:id
  DELETE http://localhost:3000/api/admin/users/3 [200 OK, 293B, 20ms]
  √  [TC-ADMINUSERS-001] primary — response received
  √  [TC-ADMINUSERS-001] primary — JSON or empty body
  √  [TC-ADMINUSERS-001] primary — response time < 10s
  ┌
  │ '[TC-ADMINUSERS-001] primary status=', 200
  │ '[TC-ADMINUSERS-001] expected oracle:', "The disposabl
  │ e user is absent from a subsequent GET /api/admin/user
  │ s. The caller's own account still exists. GET /api/adm
  │ in/users must not include passwords (FR-19). Success H
  │ TTP status/body are not specified."
  └

└ 2 — GET /api/admin/users (verify)
  GET http://localhost:3000/api/admin/users [200 OK, 549B, 3ms]
  √  [TC-ADMINUSERS-001] verify-admin-list — response received
  √  [TC-ADMINUSERS-001] verify-admin-list — JSON or empty body
  √  [TC-ADMINUSERS-001] verify-admin-list — response time < 10s
  ┌
  │ '[TC-ADMINUSERS-001] verify-admin-list status=', 200
  │ '[TC-ADMINUSERS-001] expected oracle:', "The disposabl
  │ e user is absent from a subsequent GET /api/admin/user
  │ s. The caller's own account still exists. GET /api/adm
  │ in/users must not include passwords (FR-19). Success H
  │ TTP status/body are not specified."
  └

□ FR-19 — Admin Users / DomainPartition / TC-ADMINUSERS-002
└ 1 — DELETE /api/admin/users/:id
  DELETE http://localhost:3000/api/admin/users/1 [200 OK, 293B, 13ms]
  √  [TC-ADMINUSERS-002] primary — response received
  √  [TC-ADMINUSERS-002] primary — JSON or empty body
  √  [TC-ADMINUSERS-002] primary — response time < 10s
  ┌
  │ '[TC-ADMINUSERS-002] primary status=', 200
  │ '[TC-ADMINUSERS-002] expected oracle:', "The admin's o
  │ wn account still exists (GET /api/users/me and GET /ap
  │ i/admin/users). HTTP status is not specified."
  └

└ 2 — GET /api/users/me (verify)
  GET http://localhost:3000/api/users/me [200 OK, 224B, 4ms]
  √  [TC-ADMINUSERS-002] verify-profile — response received
  √  [TC-ADMINUSERS-002] verify-profile — JSON or empty body
  √  [TC-ADMINUSERS-002] verify-profile — response time < 10s
  ┌
  │ '[TC-ADMINUSERS-002] verify-profile status=', 200
  │ '[TC-ADMINUSERS-002] expected oracle:', "The admin's o
  │ wn account still exists (GET /api/users/me and GET /ap
  │ i/admin/users). HTTP status is not specified."
  └

└ 2 — GET /api/admin/users (verify)
  GET http://localhost:3000/api/admin/users [200 OK, 405B, 3ms]
  √  [TC-ADMINUSERS-002] verify-admin-list — response received
  √  [TC-ADMINUSERS-002] verify-admin-list — JSON or empty body
  √  [TC-ADMINUSERS-002] verify-admin-list — response time < 10s
  ┌
  │ '[TC-ADMINUSERS-002] verify-admin-list status=', 200
  │ '[TC-ADMINUSERS-002] expected oracle:', "The admin's o
  │ wn account still exists (GET /api/users/me and GET /ap
  │ i/admin/users). HTTP status is not specified."
  └

□ FR-19 — Admin Users / DomainPartition / TC-ADMINUSERS-003
└ 1 — DELETE /api/admin/users/:id
  DELETE http://localhost:3000/api/admin/users/0 [200 OK, 293B, 2ms]
  √  [TC-ADMINUSERS-003] primary — response received
  √  [TC-ADMINUSERS-003] primary — JSON or empty body
  √  [TC-ADMINUSERS-003] primary — response time < 10s
  ┌
  │ '[TC-ADMINUSERS-003] primary status=', 200
  │ '[TC-ADMINUSERS-003] expected oracle:', 'The SRS and a
  │ pi_specification.md do not state this input is invalid
  │  or required. Do not expect rejection. Record what the
  │  SUT does; do not fail it against an invented rule.'
  └

□ FR-19 — Admin Users / DomainPartition / TC-ADMINUSERS-004
└ 1 — DELETE /api/admin/users/:id
  DELETE http://localhost:3000/api/admin/users/-1 [200 OK, 293B, 3ms]
  √  [TC-ADMINUSERS-004] primary — response received
  √  [TC-ADMINUSERS-004] primary — JSON or empty body
  √  [TC-ADMINUSERS-004] primary — response time < 10s
  ┌
  │ '[TC-ADMINUSERS-004] primary status=', 200
  │ '[TC-ADMINUSERS-004] expected oracle:', 'The SRS and a
  │ pi_specification.md do not state this input is invalid
  │  or required. Do not expect rejection. Record what the
  │  SUT does; do not fail it against an invented rule.'
  └

□ FR-19 — Admin Users / DomainPartition / TC-ADMINUSERS-005
└ 1 — DELETE /api/admin/users/:id
  DELETE http://localhost:3000/api/admin/users/99999 [200 OK, 293B, 3ms]
  √  [TC-ADMINUSERS-005] primary — response received
  √  [TC-ADMINUSERS-005] primary — JSON or empty body
  √  [TC-ADMINUSERS-005] primary — response time < 10s
  ┌
  │ '[TC-ADMINUSERS-005] primary status=', 200
  │ '[TC-ADMINUSERS-005] expected oracle:', 'The SRS and a
  │ pi_specification.md do not state this input is invalid
  │  or required. Do not expect rejection. Record what the
  │  SUT does; do not fail it against an invented rule.'
  └

□ FR-19 — Admin Users / DomainPartition / TC-ADMINUSERS-006
└ 1 — DELETE /api/admin/users/:id
  DELETE http://localhost:3000/api/admin/users/abc [200 OK, 293B, 4ms]
  √  [TC-ADMINUSERS-006] primary — response received
  √  [TC-ADMINUSERS-006] primary — JSON or empty body
  √  [TC-ADMINUSERS-006] primary — response time < 10s
  ┌
  │ '[TC-ADMINUSERS-006] primary status=', 200
  │ '[TC-ADMINUSERS-006] expected oracle:', 'The SRS and a
  │ pi_specification.md do not state this input is invalid
  │  or required. Do not expect rejection. Record what the
  │  SUT does; do not fail it against an invented rule.'
  └

□ FR-19 — Admin Users / DomainPartition / TC-ADMINUSERS-007
└ 1 — DELETE /api/admin/users/:id
  DELETE http://localhost:3000/api/admin/users/1.5 [200 OK, 293B, 3ms]
  √  [TC-ADMINUSERS-007] primary — response received
  √  [TC-ADMINUSERS-007] primary — JSON or empty body
  √  [TC-ADMINUSERS-007] primary — response time < 10s
  ┌
  │ '[TC-ADMINUSERS-007] primary status=', 200
  │ '[TC-ADMINUSERS-007] expected oracle:', "No id-format 
  │ rule is stated. Do not expect 400/404. If this path is
  │  treated as the caller's own id, FR-19: that account m
  │ ust not be deleted."
  └

□ FR-19 — Admin Users / DomainPartition / TC-ADMINUSERS-008
└ 1 — DELETE /api/admin/users/:id
  DELETE http://localhost:3000/api/admin/users/ [404 Not Found, 462B, 3ms]
  √  [TC-ADMINUSERS-008] primary — response received
  √  [TC-ADMINUSERS-008] primary — JSON or empty body
  √  [TC-ADMINUSERS-008] primary — response time < 10s
  ┌
  │ '[TC-ADMINUSERS-008] primary status=', 404
  │ '[TC-ADMINUSERS-008] expected oracle:', 'Empty path is
  │  not specified for this operation. Do not expect a par
  │ ticular status. User list must not lose an arbitrary u
  │ ser as a side effect of this call.'
  └

□ FR-19 — Admin Users / DomainPartition / TC-ADMINUSERS-009
└ 1 — DELETE /api/admin/users/:id
  DELETE http://localhost:3000/api/admin/users/<deleted_id> [200 OK, 293B, 3ms]
  √  [TC-ADMINUSERS-009] primary — response received
  √  [TC-ADMINUSERS-009] primary — JSON or empty body
  √  [TC-ADMINUSERS-009] primary — response time < 10s
  ┌
  │ '[TC-ADMINUSERS-009] primary status=', 200
  │ '[TC-ADMINUSERS-009] expected oracle:', 'The SRS and a
  │ pi_specification.md do not state this input is invalid
  │  or required. Do not expect rejection. Record what the
  │  SUT does; do not fail it against an invented rule.'
  └

□ FR-19 — Admin Users / DomainPartition / TC-ADMINUSERS-010
└ 1 — DELETE /api/admin/users/:id
  DELETE http://localhost:3000/api/admin/users/<other_admin_id> [200 OK, 293B, 3ms]
  √  [TC-ADMINUSERS-010] primary — response received
  √  [TC-ADMINUSERS-010] primary — JSON or empty body
  √  [TC-ADMINUSERS-010] primary — response time < 10s
  ┌
  │ '[TC-ADMINUSERS-010] primary status=', 200
  │ '[TC-ADMINUSERS-010] expected oracle:', 'Spec forbids 
  │ only deleting the currently logged-in account. Outcome
  │  for another admin is not specified. Do not expect suc
  │ cess or failure. Blocked if a second admin cannot be c
  │ reated.'
  └

□ FR-19 — Admin Users / DomainPartition / TC-ADMINUSERS-011
└ 1 — DELETE /api/admin/users/:id
  DELETE http://localhost:3000/api/admin/users/3 [200 OK, 293B, 3ms]
  √  [TC-ADMINUSERS-011] primary — response received
  √  [TC-ADMINUSERS-011] primary — JSON or empty body
  √  [TC-ADMINUSERS-011] primary — response time < 10s
  ┌
  │ '[TC-ADMINUSERS-011] primary status=', 200
  │ '[TC-ADMINUSERS-011] expected oracle:', 'DELETE /api/a
  │ dmin/users/:id requires a valid JWT and role=admin (AP
  │ I spec §6; FR-12; SEC-02; SEC-03). The target user mus
  │ t still exist afterwards. HTTP status is not specified
  │ .'
  └

□ FR-19 — Admin Users / DomainPartition / TC-ADMINUSERS-012
└ 1 — DELETE /api/admin/users/:id
  DELETE http://localhost:3000/api/admin/users/3 [401 Unauthorized, 301B, 1ms]
  √  [TC-ADMINUSERS-012] primary — response received
  √  [TC-ADMINUSERS-012] primary — JSON or empty body
  √  [TC-ADMINUSERS-012] primary — response time < 10s
  ┌
  │ '[TC-ADMINUSERS-012] primary status=', 401
  │ '[TC-ADMINUSERS-012] expected oracle:', 'DELETE /api/a
  │ dmin/users/:id requires a valid JWT and role=admin (AP
  │ I spec §6; FR-12; SEC-02; SEC-03). The target user mus
  │ t still exist afterwards. HTTP status is not specified
  │ .'
  └

□ FR-19 — Admin Users / DomainPartition / TC-ADMINUSERS-013
└ 1 — DELETE /api/admin/users/:id
  DELETE http://localhost:3000/api/admin/users/3 [403 Forbidden, 295B, 2ms]
  √  [TC-ADMINUSERS-013] primary — response received
  √  [TC-ADMINUSERS-013] primary — JSON or empty body
  √  [TC-ADMINUSERS-013] primary — response time < 10s
  ┌
  │ '[TC-ADMINUSERS-013] primary status=', 403
  │ '[TC-ADMINUSERS-013] expected oracle:', 'DELETE /api/a
  │ dmin/users/:id requires a valid JWT and role=admin (AP
  │ I spec §6; FR-12; SEC-02; SEC-03). The target user mus
  │ t still exist afterwards. HTTP status is not specified
  │ .'
  └

□ FR-19 — Admin Users / DomainPartition / TC-ADMINUSERS-014
└ 1 — DELETE /api/admin/users/:id
  DELETE http://localhost:3000/api/admin/users/<other_user_id> [200 OK, 293B, 3ms]
  √  [TC-ADMINUSERS-014] primary — response received
  √  [TC-ADMINUSERS-014] primary — JSON or empty body
  √  [TC-ADMINUSERS-014] primary — response time < 10s
  ┌
  │ '[TC-ADMINUSERS-014] primary status=', 200
  │ '[TC-ADMINUSERS-014] expected oracle:', 'A non-admin c
  │ aller must not delete the target. The target still exi
  │ sts afterwards. HTTP status is not specified.'
  └

□ FR-19 — Admin Users / DomainPartition / TC-ADMINUSERS-015
└ 1 — DELETE /api/admin/users/:id
  DELETE http://localhost:3000/api/admin/users/2 [200 OK, 293B, 12ms]
  √  [TC-ADMINUSERS-015] primary — response received
  √  [TC-ADMINUSERS-015] primary — JSON or empty body
  √  [TC-ADMINUSERS-015] primary — response time < 10s
  ┌
  │ '[TC-ADMINUSERS-015] primary status=', 200
  │ '[TC-ADMINUSERS-015] expected oracle:', 'A non-admin t
  │ oken must not delete this account (FR-12 / SEC-03). Th
  │ e user still exists. HTTP status is not specified.'
  └

□ FR-19 — Admin Users / DomainPartition / TC-ADMINUSERS-016
└ 1 — DELETE /api/admin/users/:id
  DELETE http://localhost:3000/api/admin/users/3 [200 OK, 293B, 3ms]
  √  [TC-ADMINUSERS-016] primary — response received
  √  [TC-ADMINUSERS-016] primary — JSON or empty body
  √  [TC-ADMINUSERS-016] primary — response time < 10s
  ┌
  │ '[TC-ADMINUSERS-016] primary status=', 200
  │ '[TC-ADMINUSERS-016] expected oracle:', 'No request bo
  │ dy is specified. The path id is the documented identif
  │ ier. Do not expect the body to be required, forbidden,
  │  or honoured. If a user is deleted, it must be the pat
  │ h id, and not the caller if path id is self (FR-19).'
  └

□ FR-19 — Admin Users / DomainPartition / TC-ADMINUSERS-017
└ 1 — DELETE /api/admin/users/:id
  DELETE http://localhost:3000/api/admin/users/3?id=2 [200 OK, 293B, 3ms]
  √  [TC-ADMINUSERS-017] primary — response received
  √  [TC-ADMINUSERS-017] primary — JSON or empty body
  √  [TC-ADMINUSERS-017] primary — response time < 10s
  ┌
  │ '[TC-ADMINUSERS-017] primary status=', 200
  │ '[TC-ADMINUSERS-017] expected oracle:', 'Only the path
  │  id is the documented user identifier. A query paramet
  │ er named id is not specified and must not be treated a
  │ s the resource id. If a delete occurs, it is the path-
  │ id user (and not self — FR-19).'
  └

□ FR-19 — Admin Users / DomainPartition / TC-ADMINUSERS-018
└ 1 — DELETE /api/admin/users/:id
  DELETE http://localhost:3000/api/admin/users/9223372036854775807 [200 OK, 293B, 3ms]
  √  [TC-ADMINUSERS-018] primary — response received
  √  [TC-ADMINUSERS-018] primary — JSON or empty body
  √  [TC-ADMINUSERS-018] primary — response time < 10s
  ┌
  │ '[TC-ADMINUSERS-018] primary status=', 200
  │ '[TC-ADMINUSERS-018] expected oracle:', 'The SRS and a
  │ pi_specification.md do not state this input is invalid
  │  or required. Do not expect rejection. Record what the
  │  SUT does; do not fail it against an invented rule.'
  └

□ FR-19 — Admin Users / DomainPartition / TC-ADMINUSERS-019
└ 1 — DELETE /api/admin/users/:id
  DELETE http://localhost:3000/api/admin/users/1 [200 OK, 293B, 2ms]
  √  [TC-ADMINUSERS-019] primary — response received
  √  [TC-ADMINUSERS-019] primary — JSON or empty body
  √  [TC-ADMINUSERS-019] primary — response time < 10s
  ┌
  │ '[TC-ADMINUSERS-019] primary status=', 200
  │ '[TC-ADMINUSERS-019] expected oracle:', 'Path id is th
  │ e documented identifier. If that id is the caller, the
  │  caller still exists (FR-19). A body field id is not s
  │ pecified and must not be used as the resource id. HTTP
  │  status is not specified.'
  └

□ FR-19 — Admin Users / DomainPartition / TC-ADMINUSERS-020
└ 1 — DELETE /api/admin/users/:id
  DELETE http://localhost:3000/api/admin/users/0001 [200 OK, 293B, 2ms]
  √  [TC-ADMINUSERS-020] primary — response received
  √  [TC-ADMINUSERS-020] primary — JSON or empty body
  √  [TC-ADMINUSERS-020] primary — response time < 10s
  ┌
  │ '[TC-ADMINUSERS-020] primary status=', 200
  │ '[TC-ADMINUSERS-020] expected oracle:', "No path-encod
  │ ing rule is stated. Do not expect 400/404. If 0001 is 
  │ treated as the caller's id, FR-19: that account must n
  │ ot be deleted."
  └

□ FR-19 — Admin Users / DomainPartition / TC-ADMINUSERS-SUP-001
└ 1 — DELETE /api/admin/users/:id
  DELETE http://localhost:3000/api/admin/users/<percent_encoded_id> [200 OK, 293B, 3ms]
  √  [TC-ADMINUSERS-SUP-001] primary — response received
  √  [TC-ADMINUSERS-SUP-001] primary — JSON or empty body
  √  [TC-ADMINUSERS-SUP-001] primary — response time < 10s
  ┌
  │ '[TC-ADMINUSERS-SUP-001] primary status=', 200
  │ '[TC-ADMINUSERS-SUP-001] expected oracle:', 'Percent-e
  │ ncoded path id not specified. If decoded to disposable
  │  id (not self), FR-19 allows delete. If not decoded, r
  │ ecord status; no other user deleted.'
  └

□ FR-19 — Admin Users / DomainPartition / TC-ADMINUSERS-SUP-002
└ 1 — DELETE /api/admin/users/:id
  DELETE http://localhost:3000/api/admin/users/3/ [200 OK, 293B, 2ms]
  √  [TC-ADMINUSERS-SUP-002] primary — response received
  √  [TC-ADMINUSERS-SUP-002] primary — JSON or empty body
  √  [TC-ADMINUSERS-SUP-002] primary — response time < 10s
  ┌
  │ '[TC-ADMINUSERS-SUP-002] primary status=', 200
  │ '[TC-ADMINUSERS-SUP-002] expected oracle:', 'Trailing 
  │ slash not specified. Record routing outcome; if delete
  │  succeeds, target is disposable user only.'
  └

□ FR-19 — Admin Users / DomainPartition / TC-ADMINUSERS-SUP-003
└ 1 — DELETE /api/admin/users/:id
  DELETE http://localhost:3000/api/admin/users/2 [200 OK, 293B, 4ms]
  √  [TC-ADMINUSERS-SUP-003] primary — response received
  √  [TC-ADMINUSERS-SUP-003] primary — JSON or empty body
  √  [TC-ADMINUSERS-SUP-003] primary — response time < 10s
  ┌
  │ '[TC-ADMINUSERS-SUP-003] primary status=', 200
  │ '[TC-ADMINUSERS-SUP-003] expected oracle:', 'FR-19: de
  │ lete user id=2 (not admin self) allowed if id=2 exists
  │ . Record id=2 absent and admin id=1 present after test
  │ . Restore seed DB if test environment requires test@es
  │ hop.com. No password in list (SEC-01).'
  └

□ FR-19 — Admin Users / DomainPartition / TC-ADMINUSERS-SUP-004
└ 1 — DELETE /api/admin/users/:id
  DELETE http://localhost:3000/api/admin/users/12abc [200 OK, 293B, 3ms]
  √  [TC-ADMINUSERS-SUP-004] primary — response received
  √  [TC-ADMINUSERS-SUP-004] primary — JSON or empty body
  √  [TC-ADMINUSERS-SUP-004] primary — response time < 10s
  ┌
  │ '[TC-ADMINUSERS-SUP-004] primary status=', 200
  │ '[TC-ADMINUSERS-SUP-004] expected oracle:', 'Mixed alp
  │ hanumeric path not specified. No unintended user delet
  │ ed; admin still exists.'
  └

□ FR-19 — Admin Users / DomainPartition / TC-ADMINUSERS-SUP-005
└ 1 — DELETE /api/admin/users/:id
  DELETE http://localhost:3000/api/admin/users/%2531%2532 [200 OK, 293B, 3ms]
  √  [TC-ADMINUSERS-SUP-005] primary — response received
  √  [TC-ADMINUSERS-SUP-005] primary — JSON or empty body
  √  [TC-ADMINUSERS-SUP-005] primary — response time < 10s
  ┌
  │ '[TC-ADMINUSERS-SUP-005] primary status=', 200
  │ '[TC-ADMINUSERS-SUP-005] expected oracle:', 'Double-en
  │ coding decode depth not specified. Record outcome; FR-
  │ 19: admin must not delete self.'
  └

□ FR-19 — Admin Users / StateTransition / TC-ADMINUSERS-ST-001
└ 1 — DELETE /api/admin/users/:id
  DELETE http://localhost:3000/api/admin/users/<disposable_id> [200 OK, 293B, 3ms]
  √  [TC-ADMINUSERS-ST-001] primary — response received
  √  [TC-ADMINUSERS-ST-001] primary — JSON or empty body
  √  [TC-ADMINUSERS-ST-001] primary — response time < 10s
  ┌
  │ '[TC-ADMINUSERS-ST-001] primary status=', 200
  │ '[TC-ADMINUSERS-ST-001] expected oracle:', 'D absent f
  │ rom GET /api/admin/users; admin caller remains. Passwo
  │ rd never in responses. FR-19: admin may delete users o
  │ ther than self. Password must not appear in list respo
  │ nses. Success DELETE status/body is not specified.'
  └

└ 2 — GET /api/admin/users (verify)
  GET http://localhost:3000/api/admin/users [200 OK, 267B, 2ms]
  √  [TC-ADMINUSERS-ST-001] verify-admin-list — response received
  √  [TC-ADMINUSERS-ST-001] verify-admin-list — JSON or empty body
  √  [TC-ADMINUSERS-ST-001] verify-admin-list — response time < 10s
  ┌
  │ '[TC-ADMINUSERS-ST-001] verify-admin-list status=', 20
  │ 0
  │ '[TC-ADMINUSERS-ST-001] expected oracle:', 'D absent f
  │ rom GET /api/admin/users; admin caller remains. Passwo
  │ rd never in responses. FR-19: admin may delete users o
  │ ther than self. Password must not appear in list respo
  │ nses. Success DELETE status/body is not specified.'
  └

□ FR-19 — Admin Users / StateTransition / TC-ADMINUSERS-ST-002
└ 1 — DELETE /api/admin/users/:id
  DELETE http://localhost:3000/api/admin/users/1 [200 OK, 293B, 3ms]
  √  [TC-ADMINUSERS-ST-002] primary — response received
  √  [TC-ADMINUSERS-ST-002] primary — JSON or empty body
  √  [TC-ADMINUSERS-ST-002] primary — response time < 10s
  ┌
  │ '[TC-ADMINUSERS-ST-002] primary status=', 200
  │ '[TC-ADMINUSERS-ST-002] expected oracle:', 'FR-19: adm
  │ in must not delete the currently logged-in account. HT
  │ TP status is not specified; record whether the admin a
  │ ccount remains in GET /api/admin/users.'
  └

└ 2 — GET /api/admin/users (verify)
  GET http://localhost:3000/api/admin/users [200 OK, 267B, 3ms]
  √  [TC-ADMINUSERS-ST-002] verify-admin-list — response received
  √  [TC-ADMINUSERS-ST-002] verify-admin-list — JSON or empty body
  √  [TC-ADMINUSERS-ST-002] verify-admin-list — response time < 10s
  ┌
  │ '[TC-ADMINUSERS-ST-002] verify-admin-list status=', 20
  │ 0
  │ '[TC-ADMINUSERS-ST-002] expected oracle:', 'FR-19: adm
  │ in must not delete the currently logged-in account. HT
  │ TP status is not specified; record whether the admin a
  │ ccount remains in GET /api/admin/users.'
  └

□ FR-19 — Admin Users / StateTransition / TC-ADMINUSERS-ST-003
└ 1 — DELETE /api/admin/users/:id
  DELETE http://localhost:3000/api/admin/users/<deleted_id> [200 OK, 293B, 3ms]
  √  [TC-ADMINUSERS-ST-003] primary — response received
  √  [TC-ADMINUSERS-ST-003] primary — JSON or empty body
  √  [TC-ADMINUSERS-ST-003] primary — response time < 10s
  ┌
  │ '[TC-ADMINUSERS-ST-003] primary status=', 200
  │ '[TC-ADMINUSERS-ST-003] expected oracle:', 'D remains 
  │ absent. Second DELETE must not delete a different user
  │  or restore D. HTTP status for repeat delete is not sp
  │ ecified — record actual.'
  └

□ FR-19 — Admin Users / StateTransition / TC-ADMINUSERS-ST-004
└ 1 — GET /api/admin/users/:id
  GET http://localhost:3000/api/admin/users/:id [404 Not Found, 462B, 2ms]
  √  [TC-ADMINUSERS-ST-004] step-1 — response received
  √  [TC-ADMINUSERS-ST-004] step-1 — JSON or empty body
  √  [TC-ADMINUSERS-ST-004] step-1 — response time < 10s
  ┌
  │ '[TC-ADMINUSERS-ST-004] step-1 status=', 404
  │ '[TC-ADMINUSERS-ST-004] expected oracle:', 'GET count 
  │ drops by exactly one; only target D removed.'
  └

└ 2 — DELETE
  DELETE http://localhost:3000/api/admin/users/3 [200 OK, 293B, 2ms]
  √  [TC-ADMINUSERS-ST-004] step-2 — response received
  √  [TC-ADMINUSERS-ST-004] step-2 — JSON or empty body
  √  [TC-ADMINUSERS-ST-004] step-2 — response time < 10s
  ┌
  │ '[TC-ADMINUSERS-ST-004] step-2 status=', 200
  │ '[TC-ADMINUSERS-ST-004] expected oracle:', 'GET count 
  │ drops by exactly one; only target D removed.'
  └

└ 3 — GET /api/admin/users/:id
  GET http://localhost:3000/api/admin/users/:id [404 Not Found, 462B, 3ms]
  √  [TC-ADMINUSERS-ST-004] step-3 — response received
  √  [TC-ADMINUSERS-ST-004] step-3 — JSON or empty body
  √  [TC-ADMINUSERS-ST-004] step-3 — response time < 10s
  ┌
  │ '[TC-ADMINUSERS-ST-004] step-3 status=', 404
  │ '[TC-ADMINUSERS-ST-004] expected oracle:', 'GET count 
  │ drops by exactly one; only target D removed.'
  └

□ FR-19 — Admin Users / StateTransition / TC-ADMINUSERS-ST-005
└ 1 — DELETE
  DELETE http://localhost:3000/api/admin/users/3 [200 OK, 293B, 4ms]
  √  [TC-ADMINUSERS-ST-005] step-1 — response received
  √  [TC-ADMINUSERS-ST-005] step-1 — JSON or empty body
  √  [TC-ADMINUSERS-ST-005] step-1 — response time < 10s
  ┌
  │ '[TC-ADMINUSERS-ST-005] step-1 status=', 200
  │ '[TC-ADMINUSERS-ST-005] expected oracle:', 'Neither A 
  │ nor B in GET /api/admin/users. Other seed users unchan
  │ ged.'
  └

└ 2 — DELETE
  DELETE http://localhost:3000/api/admin/users/3 [200 OK, 293B, 3ms]
  √  [TC-ADMINUSERS-ST-005] step-2 — response received
  √  [TC-ADMINUSERS-ST-005] step-2 — JSON or empty body
  √  [TC-ADMINUSERS-ST-005] step-2 — response time < 10s
  ┌
  │ '[TC-ADMINUSERS-ST-005] step-2 status=', 200
  │ '[TC-ADMINUSERS-ST-005] expected oracle:', 'Neither A 
  │ nor B in GET /api/admin/users. Other seed users unchan
  │ ged.'
  └

└ 3 — GET /api/admin/users/:id
  GET http://localhost:3000/api/admin/users/:id [404 Not Found, 462B, 2ms]
  √  [TC-ADMINUSERS-ST-005] step-3 — response received
  √  [TC-ADMINUSERS-ST-005] step-3 — JSON or empty body
  √  [TC-ADMINUSERS-ST-005] step-3 — response time < 10s
  ┌
  │ '[TC-ADMINUSERS-ST-005] step-3 status=', 404
  │ '[TC-ADMINUSERS-ST-005] expected oracle:', 'Neither A 
  │ nor B in GET /api/admin/users. Other seed users unchan
  │ ged.'
  └

□ FR-19 — Admin Users / StateTransition / TC-ADMINUSERS-ST-006
└ 1 — DELETE /api/admin/users/:id
  DELETE http://localhost:3000/api/admin/users/<disposable_id> [200 OK, 293B, 3ms]
  √  [TC-ADMINUSERS-ST-006] primary — response received
  √  [TC-ADMINUSERS-ST-006] primary — JSON or empty body
  √  [TC-ADMINUSERS-ST-006] primary — response time < 10s
  ┌
  │ '[TC-ADMINUSERS-ST-006] primary status=', 200
  │ '[TC-ADMINUSERS-ST-006] expected oracle:', 'DELETE /ap
  │ i/admin/users/:id requires valid JWT and role=admin (A
  │ PI spec section 6; FR-12; SEC-02; SEC-03). Target user
  │  must still exist afterwards. HTTP status is not speci
  │ fied.'
  └

□ FR-19 — Admin Users / StateTransition / TC-ADMINUSERS-ST-007
└ 1 — DELETE /api/admin/users/:id
  DELETE http://localhost:3000/api/admin/users/:id [401 Unauthorized, 301B, 2ms]
  √  [TC-ADMINUSERS-ST-007] primary — response received
  √  [TC-ADMINUSERS-ST-007] primary — JSON or empty body
  √  [TC-ADMINUSERS-ST-007] primary — response time < 10s
  ┌
  │ '[TC-ADMINUSERS-ST-007] primary status=', 401
  │ '[TC-ADMINUSERS-ST-007] expected oracle:', 'DELETE /ap
  │ i/admin/users/:id requires valid JWT and role=admin (A
  │ PI spec section 6; FR-12; SEC-02; SEC-03). Target user
  │  must still exist afterwards. HTTP status is not speci
  │ fied.'
  └

□ FR-19 — Admin Users / StateTransition / TC-ADMINUSERS-ST-008
└ 2 — GET /api/admin/users/:id
  GET http://localhost:3000/api/admin/users/:id [404 Not Found, 462B, 3ms]
  √  [TC-ADMINUSERS-ST-008] step-2 — response received
  √  [TC-ADMINUSERS-ST-008] step-2 — JSON or empty body
  √  [TC-ADMINUSERS-ST-008] step-2 — response time < 10s
  ┌
  │ '[TC-ADMINUSERS-ST-008] step-2 status=', 404
  │ '[TC-ADMINUSERS-ST-008] expected oracle:', 'R appears 
  │ in list after register, absent after DELETE. Password 
  │ never in list responses.'
  └

└ 3 — DELETE
  DELETE http://localhost:3000/api/admin/users/3 [200 OK, 293B, 3ms]
  √  [TC-ADMINUSERS-ST-008] step-3 — response received
  √  [TC-ADMINUSERS-ST-008] step-3 — JSON or empty body
  √  [TC-ADMINUSERS-ST-008] step-3 — response time < 10s
  ┌
  │ '[TC-ADMINUSERS-ST-008] step-3 status=', 200
  │ '[TC-ADMINUSERS-ST-008] expected oracle:', 'R appears 
  │ in list after register, absent after DELETE. Password 
  │ never in list responses.'
  └

└ 4 — GET /api/admin/users/:id
  GET http://localhost:3000/api/admin/users/:id [404 Not Found, 462B, 1ms]
  √  [TC-ADMINUSERS-ST-008] step-4 — response received
  √  [TC-ADMINUSERS-ST-008] step-4 — JSON or empty body
  √  [TC-ADMINUSERS-ST-008] step-4 — response time < 10s
  ┌
  │ '[TC-ADMINUSERS-ST-008] step-4 status=', 404
  │ '[TC-ADMINUSERS-ST-008] expected oracle:', 'R appears 
  │ in list after register, absent after DELETE. Password 
  │ never in list responses.'
  └

□ FR-19 — Admin Users / StateTransition / TC-ADMINUSERS-ST-009
└ 1 — DELETE /api/admin/users/:id
  DELETE http://localhost:3000/api/admin/users/3 [200 OK, 293B, 4ms]
  √  [TC-ADMINUSERS-ST-009] primary — response received
  √  [TC-ADMINUSERS-ST-009] primary — JSON or empty body
  √  [TC-ADMINUSERS-ST-009] primary — response time < 10s
  ┌
  │ '[TC-ADMINUSERS-ST-009] primary status=', 200
  │ '[TC-ADMINUSERS-ST-009] expected oracle:', 'id=1 and i
  │ d=2 still listed; id=3 gone after DELETE.'
  └

□ FR-19 — Admin Users / StateTransition / TC-ADMINUSERS-ST-010
└ 1 — DELETE /api/admin/users/:id
  DELETE http://localhost:3000/api/admin/users/1 [200 OK, 293B, 4ms]
  √  [TC-ADMINUSERS-ST-010] primary — response received
  √  [TC-ADMINUSERS-ST-010] primary — JSON or empty body
  √  [TC-ADMINUSERS-ST-010] primary — response time < 10s
  ┌
  │ '[TC-ADMINUSERS-ST-010] primary status=', 200
  │ '[TC-ADMINUSERS-ST-010] expected oracle:', 'User list 
  │ count and ids unchanged after self-delete attempt. Adm
  │ in account remains.'
  └

□ FR-19 — Admin Users / StateTransition / TC-ADMINUSERS-ST-011
└ 1 — DELETE /api/admin/users/:id
  DELETE http://localhost:3000/api/admin/users/:id [401 Unauthorized, 301B, 4ms]
  √  [TC-ADMINUSERS-ST-011] primary — response received
  √  [TC-ADMINUSERS-ST-011] primary — JSON or empty body
  √  [TC-ADMINUSERS-ST-011] primary — response time < 10s
  ┌
  │ '[TC-ADMINUSERS-ST-011] primary status=', 401
  │ '[TC-ADMINUSERS-ST-011] expected oracle:', 'POST /api/
  │ login with deleted user credentials must not yield a u
  │ sable session for that account. HTTP status/body not s
  │ pecified — record actual.'
  └

□ FR-19 — Admin Users / StateTransition / TC-ADMINUSERS-ST-012
└ 1 — DELETE
  DELETE http://localhost:3000/api/admin/users/3 [200 OK, 293B, 4ms]
  √  [TC-ADMINUSERS-ST-012] step-1 — response received
  √  [TC-ADMINUSERS-ST-012] step-1 — JSON or empty body
  √  [TC-ADMINUSERS-ST-012] step-1 — response time < 10s
  ┌
  │ '[TC-ADMINUSERS-ST-012] step-1 status=', 200
  │ '[TC-ADMINUSERS-ST-012] expected oracle:', 'Cascade wh
  │ en user has orders is not specified in FR-19. Record w
  │ hether delete succeeds or is blocked and effect on ord
  │ ers.'
  └

└ 2 — GET /api/admin/users/:id
  GET http://localhost:3000/api/admin/users/:id [404 Not Found, 462B, 2ms]
  √  [TC-ADMINUSERS-ST-012] step-2 — response received
  √  [TC-ADMINUSERS-ST-012] step-2 — JSON or empty body
  √  [TC-ADMINUSERS-ST-012] step-2 — response time < 10s
  ┌
  │ '[TC-ADMINUSERS-ST-012] step-2 status=', 404
  │ '[TC-ADMINUSERS-ST-012] expected oracle:', 'Cascade wh
  │ en user has orders is not specified in FR-19. Record w
  │ hether delete succeeds or is blocked and effect on ord
  │ ers.'
  └

□ FR-19 — Admin Users / StateTransition / TC-ADMINUSERS-ST-013
└ 1 — DELETE /api/admin/users/:id
  DELETE http://localhost:3000/api/admin/users/1 [200 OK, 293B, 3ms]
  √  [TC-ADMINUSERS-ST-013] primary — response received
  √  [TC-ADMINUSERS-ST-013] primary — JSON or empty body
  √  [TC-ADMINUSERS-ST-013] primary — response time < 10s
  ┌
  │ '[TC-ADMINUSERS-ST-013] primary status=', 200
  │ '[TC-ADMINUSERS-ST-013] expected oracle:', 'Path id is
  │  the documented resource identifier. Admin must not be
  │  deleted when path is self id; D must not be deleted v
  │ ia body alone. HTTP status not specified.'
  └

□ FR-19 — Admin Users / StateTransition / TC-ADMINUSERS-ST-014
└ 1 — DELETE /api/admin/users/:id
  DELETE http://localhost:3000/api/admin/users/2 [200 OK, 293B, 4ms]
  √  [TC-ADMINUSERS-ST-014] primary — response received
  √  [TC-ADMINUSERS-ST-014] primary — JSON or empty body
  √  [TC-ADMINUSERS-ST-014] primary — response time < 10s
  ┌
  │ '[TC-ADMINUSERS-ST-014] primary status=', 200
  │ '[TC-ADMINUSERS-ST-014] expected oracle:', 'id=2 absen
  │ t from list; admin id=1 still exists and can GET /api/
  │ users/me.'
  └

└ 2 — GET /api/users/me (verify)
  GET http://localhost:3000/api/users/me [200 OK, 224B, 3ms]
  √  [TC-ADMINUSERS-ST-014] verify-profile — response received
  √  [TC-ADMINUSERS-ST-014] verify-profile — JSON or empty body
  √  [TC-ADMINUSERS-ST-014] verify-profile — response time < 10s
  ┌
  │ '[TC-ADMINUSERS-ST-014] verify-profile status=', 200
  │ '[TC-ADMINUSERS-ST-014] expected oracle:', 'id=2 absen
  │ t from list; admin id=1 still exists and can GET /api/
  │ users/me.'
  └

□ FR-19 — Admin Users / StateTransition / TC-ADMINUSERS-ST-015
└ 1 — DELETE /api/admin/users/:id
  DELETE http://localhost:3000/api/admin/users/99999 [200 OK, 293B, 3ms]
  √  [TC-ADMINUSERS-ST-015] primary — response received
  √  [TC-ADMINUSERS-ST-015] primary — JSON or empty body
  √  [TC-ADMINUSERS-ST-015] primary — response time < 10s
  ┌
  │ '[TC-ADMINUSERS-ST-015] primary status=', 200
  │ '[TC-ADMINUSERS-ST-015] expected oracle:', 'L1 equals 
  │ L0 — no user removed. HTTP status for non-existent id 
  │ is not specified — record actual.'
  └

□ FR-19 — Admin Users / StateTransition / TC-ADMINUSERS-ST-SUP-001
└ 1 — DELETE /api/admin/users/:id
  DELETE http://localhost:3000/api/admin/users/<other_admin_id> [200 OK, 293B, 3ms]
  √  [TC-ADMINUSERS-ST-SUP-001] primary — response received
  √  [TC-ADMINUSERS-ST-SUP-001] primary — JSON or empty body
  √  [TC-ADMINUSERS-ST-SUP-001] primary — response time < 10s
  ┌
  │ '[TC-ADMINUSERS-ST-SUP-001] primary status=', 200
  │ '[TC-ADMINUSERS-ST-SUP-001] expected oracle:', 'FR-19 
  │ allows deleting users other than self; whether another
  │  admin may be deleted is not specified. Record outcome
  │ . Do not invent mandatory 403/200. Password never in l
  │ ist responses.'
  └

□ FR-19 — Admin Users / StateTransition / TC-ADMINUSERS-ST-SUP-002
└ 1 — DELETE
  DELETE http://localhost:3000/api/admin/users/3 [200 OK, 293B, 3ms]
  √  [TC-ADMINUSERS-ST-SUP-002] step-1 — response received
  √  [TC-ADMINUSERS-ST-SUP-002] step-1 — JSON or empty body
  √  [TC-ADMINUSERS-ST-SUP-002] step-1 — response time < 10s
  ┌
  │ '[TC-ADMINUSERS-ST-SUP-002] step-1 status=', 200
  │ '[TC-ADMINUSERS-ST-SUP-002] expected oracle:', 'D must
  │  end absent from list (U_DELETED). No other user delet
  │ ed. Second parallel DELETE may return error or success
  │  — not specified. List count must reflect exactly one 
  │ removal of D.'
  └

└ 2 — GET /api/admin/users
  GET http://localhost:3000/api/admin/users [200 OK, 267B, 2ms]
  √  [TC-ADMINUSERS-ST-SUP-002] step-2 — response received
  √  [TC-ADMINUSERS-ST-SUP-002] step-2 — JSON or empty body
  √  [TC-ADMINUSERS-ST-SUP-002] step-2 — response time < 10s
  ┌
  │ '[TC-ADMINUSERS-ST-SUP-002] step-2 status=', 200
  │ '[TC-ADMINUSERS-ST-SUP-002] expected oracle:', 'D must
  │  end absent from list (U_DELETED). No other user delet
  │ ed. Second parallel DELETE may return error or success
  │  — not specified. List count must reflect exactly one 
  │ removal of D.'
  └

□ FR-19 — Admin Users / StateTransition / TC-ADMINUSERS-ST-SUP-003
└ 1 — GET /api/users/me
  GET http://localhost:3000/api/users/me [200 OK, 224B, 3ms]
  √  [TC-ADMINUSERS-ST-SUP-003] step-1 — response received
  √  [TC-ADMINUSERS-ST-SUP-003] step-1 — JSON or empty body
  √  [TC-ADMINUSERS-ST-SUP-003] step-1 — response time < 10s
  ┌
  │ '[TC-ADMINUSERS-ST-SUP-003] step-1 status=', 200
  │ '[TC-ADMINUSERS-ST-SUP-003] expected oracle:', "Delete
  │ d account must not return a live profile for that user
  │ . Must not show another user's data (IDOR). HTTP statu
  │ s is not specified — record actual without inventing c
  │ odes."
  └

□ FR-19 — Admin Users / StateTransition / TC-ADMINUSERS-ST-SUP-004
└ 1 — DELETE
  DELETE http://localhost:3000/api/admin/users/3 [200 OK, 293B, 3ms]
  √  [TC-ADMINUSERS-ST-SUP-004] step-1 — response received
  √  [TC-ADMINUSERS-ST-SUP-004] step-1 — JSON or empty body
  √  [TC-ADMINUSERS-ST-SUP-004] step-1 — response time < 10s
  ┌
  │ '[TC-ADMINUSERS-ST-SUP-004] step-1 status=', 200
  │ '[TC-ADMINUSERS-ST-SUP-004] expected oracle:', 'D abse
  │ nt from admin list after DELETE (FR-19). GET /api/user
  │ s/me with victim token T — record status/body; live pr
  │ ofile for deleted user must not persist. Admin unchang
  │ ed. Cascade/session rules not specified.'
  └

└ 2 — GET /api/users/me
  GET http://localhost:3000/api/users/me [200 OK, 224B, 3ms]
  √  [TC-ADMINUSERS-ST-SUP-004] step-2 — response received
  √  [TC-ADMINUSERS-ST-SUP-004] step-2 — JSON or empty body
  √  [TC-ADMINUSERS-ST-SUP-004] step-2 — response time < 10s
  ┌
  │ '[TC-ADMINUSERS-ST-SUP-004] step-2 status=', 200
  │ '[TC-ADMINUSERS-ST-SUP-004] expected oracle:', 'D abse
  │ nt from admin list after DELETE (FR-19). GET /api/user
  │ s/me with victim token T — record status/body; live pr
  │ ofile for deleted user must not persist. Admin unchang
  │ ed. Cascade/session rules not specified.'
  └

└ 3 — GET /api/admin/users
  GET http://localhost:3000/api/admin/users [200 OK, 267B, 2ms]
  √  [TC-ADMINUSERS-ST-SUP-004] step-3 — response received
  √  [TC-ADMINUSERS-ST-SUP-004] step-3 — JSON or empty body
  √  [TC-ADMINUSERS-ST-SUP-004] step-3 — response time < 10s
  ┌
  │ '[TC-ADMINUSERS-ST-SUP-004] step-3 status=', 200
  │ '[TC-ADMINUSERS-ST-SUP-004] expected oracle:', 'D abse
  │ nt from admin list after DELETE (FR-19). GET /api/user
  │ s/me with victim token T — record status/body; live pr
  │ ofile for deleted user must not persist. Admin unchang
  │ ed. Cascade/session rules not specified.'
  └

□ FR-19 — Admin Users / StateTransition / TC-ADMINUSERS-ST-SUP-005
└ 1 — DELETE
  DELETE http://localhost:3000/api/admin/users/3 [200 OK, 293B, 2ms]
  √  [TC-ADMINUSERS-ST-SUP-005] step-1 — response received
  √  [TC-ADMINUSERS-ST-SUP-005] step-1 — JSON or empty body
  √  [TC-ADMINUSERS-ST-SUP-005] step-1 — response time < 10s
  ┌
  │ '[TC-ADMINUSERS-ST-SUP-005] step-1 status=', 200
  │ '[TC-ADMINUSERS-ST-SUP-005] expected oracle:', 'Final 
  │ GET must show D absent (U_DELETED). Concurrent GET may
  │  or may not include D — not specified. No duplicate or
  │  partial delete of other users. Record intermediate vs
  │  final list.'
  └

└ 2 — GET /api/admin/users
  GET http://localhost:3000/api/admin/users [200 OK, 267B, 2ms]
  √  [TC-ADMINUSERS-ST-SUP-005] step-2 — response received
  √  [TC-ADMINUSERS-ST-SUP-005] step-2 — JSON or empty body
  √  [TC-ADMINUSERS-ST-SUP-005] step-2 — response time < 10s
  ┌
  │ '[TC-ADMINUSERS-ST-SUP-005] step-2 status=', 200
  │ '[TC-ADMINUSERS-ST-SUP-005] expected oracle:', 'Final 
  │ GET must show D absent (U_DELETED). Concurrent GET may
  │  or may not include D — not specified. No duplicate or
  │  partial delete of other users. Record intermediate vs
  │  final list.'
  └

□ FR-19 — Admin Users / Security / TC-ADMINUSERS-SEC-001
└ 1 — DELETE /api/admin/users/:id
  DELETE http://localhost:3000/api/admin/users/<3> [401 Unauthorized, 301B, 1ms]
  √  [TC-ADMINUSERS-SEC-001] primary — response received
  √  [TC-ADMINUSERS-SEC-001] primary — JSON or empty body
  √  [TC-ADMINUSERS-SEC-001] primary — response time < 10s
  ┌
  │ '[TC-ADMINUSERS-SEC-001] primary status=', 401
  │ '[TC-ADMINUSERS-SEC-001] expected oracle:', 'SEC-02: p
  │ rotected endpoint requires a valid JWT; attack must no
  │ t apply the intended change. HTTP status and error bod
  │ y are not specified — record actual without inventing 
  │ codes. D still present in GET /api/admin/users as admi
  │ n.'
  └

└ 2 — GET /api/admin/users (verify)
  GET http://localhost:3000/api/admin/users [200 OK, 267B, 3ms]
  √  [TC-ADMINUSERS-SEC-001] verify-admin-list — response received
  √  [TC-ADMINUSERS-SEC-001] verify-admin-list — JSON or empty body
  √  [TC-ADMINUSERS-SEC-001] verify-admin-list — response time < 10s
  ┌
  │ '[TC-ADMINUSERS-SEC-001] verify-admin-list status=', 2
  │ 00
  │ '[TC-ADMINUSERS-SEC-001] expected oracle:', 'SEC-02: p
  │ rotected endpoint requires a valid JWT; attack must no
  │ t apply the intended change. HTTP status and error bod
  │ y are not specified — record actual without inventing 
  │ codes. D still present in GET /api/admin/users as admi
  │ n.'
  └

□ FR-19 — Admin Users / Security / TC-ADMINUSERS-SEC-002
└ 1 — DELETE /api/admin/users/:id
  DELETE http://localhost:3000/api/admin/users/<3> [200 OK, 293B, 3ms]
  √  [TC-ADMINUSERS-SEC-002] primary — response received
  √  [TC-ADMINUSERS-SEC-002] primary — JSON or empty body
  √  [TC-ADMINUSERS-SEC-002] primary — response time < 10s
  ┌
  │ '[TC-ADMINUSERS-SEC-002] primary status=', 200
  │ '[TC-ADMINUSERS-SEC-002] expected oracle:', 'SEC-03 / 
  │ FR-12: user JWT must not delete target. D still exists
  │  in GET /api/admin/users. HTTP status and error body a
  │ re not specified — record actual without inventing cod
  │ es.'
  └

└ 2 — GET /api/admin/users (verify)
  GET http://localhost:3000/api/admin/users [200 OK, 267B, 4ms]
  √  [TC-ADMINUSERS-SEC-002] verify-admin-list — response received
  √  [TC-ADMINUSERS-SEC-002] verify-admin-list — JSON or empty body
  √  [TC-ADMINUSERS-SEC-002] verify-admin-list — response time < 10s
  ┌
  │ '[TC-ADMINUSERS-SEC-002] verify-admin-list status=', 2
  │ 00
  │ '[TC-ADMINUSERS-SEC-002] expected oracle:', 'SEC-03 / 
  │ FR-12: user JWT must not delete target. D still exists
  │  in GET /api/admin/users. HTTP status and error body a
  │ re not specified — record actual without inventing cod
  │ es.'
  └

□ FR-19 — Admin Users / Security / TC-ADMINUSERS-SEC-003
└ 1 — DELETE /api/admin/users/:id
  DELETE http://localhost:3000/api/admin/users/1 [200 OK, 293B, 2ms]
  √  [TC-ADMINUSERS-SEC-003] primary — response received
  √  [TC-ADMINUSERS-SEC-003] primary — JSON or empty body
  √  [TC-ADMINUSERS-SEC-003] primary — response time < 10s
  ┌
  │ '[TC-ADMINUSERS-SEC-003] primary status=', 200
  │ '[TC-ADMINUSERS-SEC-003] expected oracle:', 'FR-19: lo
  │ gged-in admin must not be deleted. GET /api/admin/user
  │ s shows admin account still present. HTTP status and e
  │ rror body are not specified — record actual without in
  │ venting codes.'
  └

└ 2 — GET /api/admin/users (verify)
  GET http://localhost:3000/api/admin/users [200 OK, 267B, 3ms]
  √  [TC-ADMINUSERS-SEC-003] verify-admin-list — response received
  √  [TC-ADMINUSERS-SEC-003] verify-admin-list — JSON or empty body
  √  [TC-ADMINUSERS-SEC-003] verify-admin-list — response time < 10s
  ┌
  │ '[TC-ADMINUSERS-SEC-003] verify-admin-list status=', 2
  │ 00
  │ '[TC-ADMINUSERS-SEC-003] expected oracle:', 'FR-19: lo
  │ gged-in admin must not be deleted. GET /api/admin/user
  │ s shows admin account still present. HTTP status and e
  │ rror body are not specified — record actual without in
  │ venting codes.'
  └

□ FR-19 — Admin Users / Security / TC-ADMINUSERS-SEC-004
└ 1 — DELETE /api/admin/users/:id
  DELETE http://localhost:3000/api/admin/users/1 OR 1=1 [200 OK, 293B, 3ms]
  √  [TC-ADMINUSERS-SEC-004] primary — response received
  √  [TC-ADMINUSERS-SEC-004] primary — JSON or empty body
  √  [TC-ADMINUSERS-SEC-004] primary — response time < 10s
  ┌
  │ '[TC-ADMINUSERS-SEC-004] primary status=', 200
  │ '[TC-ADMINUSERS-SEC-004] expected oracle:', 'SEC-05: r
  │ equest must not cause SQL syntax errors, 500 stack tra
  │ ces with query text, or unauthorized data change. Reco
  │ rd status and GET/list side effects. Must not delete a
  │ ll users or return SQL error with query text.'
  └

□ FR-19 — Admin Users / Security / TC-ADMINUSERS-SEC-005
└ 1 — DELETE /api/admin/users/:id
  DELETE http://localhost:3000/api/admin/users/1; 3ELETE FROM users WHERE '1'='1 [200 OK, 293B, 3ms]
  √  [TC-ADMINUSERS-SEC-005] primary — response received
  √  [TC-ADMINUSERS-SEC-005] primary — JSON or empty body
  √  [TC-ADMINUSERS-SEC-005] primary — response time < 10s
  ┌
  │ '[TC-ADMINUSERS-SEC-005] primary status=', 200
  │ '[TC-ADMINUSERS-SEC-005] expected oracle:', 'SEC-05: r
  │ equest must not cause SQL syntax errors, 500 stack tra
  │ ces with query text, or unauthorized data change. Reco
  │ rd status and GET/list side effects. Seed users admin 
  │ and test still exist unless path parsed as single id s
  │ afely.'
  └

□ FR-19 — Admin Users / Security / TC-ADMINUSERS-SEC-006
└ 1 — GET /api/admin/users
  GET http://localhost:3000/api/admin/users [200 OK, 267B, 3ms]
  √  [TC-ADMINUSERS-SEC-006] primary — response received
  √  [TC-ADMINUSERS-SEC-006] primary — JSON or empty body
  √  [TC-ADMINUSERS-SEC-006] primary — response time < 10s
  ┌
  │ '[TC-ADMINUSERS-SEC-006] primary status=', 200
  │ '[TC-ADMINUSERS-SEC-006] expected oracle:', 'SEC-01: p
  │ assword must not appear in response bodies (plaintext 
  │ or hash). Inspect JSON and error text.'
  └

□ FR-19 — Admin Users / Security / TC-ADMINUSERS-SEC-007
└ 1 — DELETE /api/admin/users/:id
  DELETE http://localhost:3000/api/admin/users/99999 [200 OK, 293B, 3ms]
  √  [TC-ADMINUSERS-SEC-007] primary — response received
  √  [TC-ADMINUSERS-SEC-007] primary — JSON or empty body
  √  [TC-ADMINUSERS-SEC-007] primary — response time < 10s
  ┌
  │ '[TC-ADMINUSERS-SEC-007] primary status=', 200
  │ '[TC-ADMINUSERS-SEC-007] expected oracle:', 'SEC-01: p
  │ assword must not appear in response bodies (plaintext 
  │ or hash). Inspect JSON and error text. HTTP status and
  │  error body are not specified — record actual without 
  │ inventing codes.'
  └

□ FR-19 — Admin Users / Security / TC-ADMINUSERS-SEC-008
└ 1 — DELETE /api/admin/users/:id
  DELETE http://localhost:3000/api/admin/users/<3> [200 OK, 293B, 3ms]
  √  [TC-ADMINUSERS-SEC-008] primary — response received
  √  [TC-ADMINUSERS-SEC-008] primary — JSON or empty body
  √  [TC-ADMINUSERS-SEC-008] primary — response time < 10s
  ┌
  │ '[TC-ADMINUSERS-SEC-008] primary status=', 200
  │ '[TC-ADMINUSERS-SEC-008] expected oracle:', 'SEC-05: r
  │ equest must not cause SQL syntax errors, 500 stack tra
  │ ces with query text, or unauthorized data change. Reco
  │ rd status and GET/list side effects. Path id D is auth
  │ oritative; body must not widen delete scope.'
  └

□ FR-19 — Admin Users / Security / TC-ADMINUSERS-SEC-010
└ 1 — DELETE /api/admin/users/:id
  DELETE http://localhost:3000/api/admin/users/<3> [401 Unauthorized, 301B, 2ms]
  √  [TC-ADMINUSERS-SEC-010] primary — response received
  √  [TC-ADMINUSERS-SEC-010] primary — JSON or empty body
  √  [TC-ADMINUSERS-SEC-010] primary — response time < 10s
  ┌
  │ '[TC-ADMINUSERS-SEC-010] primary status=', 401
  │ '[TC-ADMINUSERS-SEC-010] expected oracle:', 'SEC-02: p
  │ rotected endpoint requires a valid JWT; attack must no
  │ t apply the intended change. HTTP status and error bod
  │ y are not specified — record actual without inventing 
  │ codes.'
  └

□ FR-19 — Admin Users / Security / TC-ADMINUSERS-SEC-011
└ 1 — DELETE /api/admin/users/:id
  DELETE http://localhost:3000/api/admin/users/1%20OR%201%331 [200 OK, 293B, 2ms]
  √  [TC-ADMINUSERS-SEC-011] primary — response received
  √  [TC-ADMINUSERS-SEC-011] primary — JSON or empty body
  √  [TC-ADMINUSERS-SEC-011] primary — response time < 10s
  ┌
  │ '[TC-ADMINUSERS-SEC-011] primary status=', 200
  │ '[TC-ADMINUSERS-SEC-011] expected oracle:', 'SEC-05: r
  │ equest must not cause SQL syntax errors, 500 stack tra
  │ ces with query text, or unauthorized data change. Reco
  │ rd status and GET/list side effects. Must not delete u
  │ nintended users.'
  └

□ FR-19 — Admin Users / Security / TC-ADMINUSERS-SEC-013
└ 1 — DELETE /api/admin/users/:id
  DELETE http://localhost:3000/api/admin/users/<3> [200 OK, 293B, 3ms]
  √  [TC-ADMINUSERS-SEC-013] primary — response received
  √  [TC-ADMINUSERS-SEC-013] primary — JSON or empty body
  √  [TC-ADMINUSERS-SEC-013] primary — response time < 10s
  ┌
  │ '[TC-ADMINUSERS-SEC-013] primary status=', 200
  │ '[TC-ADMINUSERS-SEC-013] expected oracle:', 'SEC-01: p
  │ assword must not appear in response bodies (plaintext 
  │ or hash). Inspect JSON and error text.'
  └

□ FR-19 — Admin Users / Security / TC-ADMINUSERS-SEC-014
└ 1 — DELETE /api/admin/users/:id
  DELETE http://localhost:3000/api/admin/users/<3> [403 Forbidden, 295B, 2ms]
  √  [TC-ADMINUSERS-SEC-014] primary — response received
  √  [TC-ADMINUSERS-SEC-014] primary — JSON or empty body
  √  [TC-ADMINUSERS-SEC-014] primary — response time < 10s
  ┌
  │ '[TC-ADMINUSERS-SEC-014] primary status=', 403
  │ '[TC-ADMINUSERS-SEC-014] expected oracle:', 'SEC-05: r
  │ equest must not cause SQL syntax errors, 500 stack tra
  │ ces with query text, or unauthorized data change. Reco
  │ rd status and GET/list side effects. SEC-02: protected
  │  endpoint requires a valid JWT; attack must not apply 
  │ the intended change. HTTP status and error body are no
  │ t specified — record actual without inventing codes.'
  └

□ FR-19 — Admin Users / Security / TC-ADMINUSERS-SEC-SUP-001
└ 1 — GET /api/admin/users
  GET http://localhost:3000/api/admin/users [401 Unauthorized, 301B, 3ms]
  √  [TC-ADMINUSERS-SEC-SUP-001] primary — response received
  √  [TC-ADMINUSERS-SEC-SUP-001] primary — JSON or empty body
  √  [TC-ADMINUSERS-SEC-SUP-001] primary — response time < 10s
  ┌
  │ '[TC-ADMINUSERS-SEC-SUP-001] primary status=', 401
  │ '[TC-ADMINUSERS-SEC-SUP-001] expected oracle:', 'SEC-0
  │ 2: unauthenticated GET must not return full user roste
  │ r or password fields. Record status/body. HTTP status 
  │ is not specified — record actual without inventing cod
  │ es.'
  └

□ FR-19 — Admin Users / Security / TC-ADMINUSERS-SEC-SUP-002
└ 1 — GET /api/admin/users
  GET http://localhost:3000/api/admin/users [200 OK, 267B, 3ms]
  √  [TC-ADMINUSERS-SEC-SUP-002] primary — response received
  √  [TC-ADMINUSERS-SEC-SUP-002] primary — JSON or empty body
  √  [TC-ADMINUSERS-SEC-SUP-002] primary — response time < 10s
  ┌
  │ '[TC-ADMINUSERS-SEC-SUP-002] primary status=', 200
  │ '[TC-ADMINUSERS-SEC-SUP-002] expected oracle:', 'SEC-0
  │ 3 / FR-12: user JWT must not retrieve full user list. 
  │ No password/hash in body if any data returned. HTTP st
  │ atus is not specified — record actual without inventin
  │ g codes.'
  └

□ FR-19 — Admin Users / Security / TC-ADMINUSERS-SEC-SUP-003
└ 1 — DELETE
  DELETE http://localhost:3000/api/admin/users/3 [200 OK, 293B, 3ms]
  √  [TC-ADMINUSERS-SEC-SUP-003] step-1 — response received
  √  [TC-ADMINUSERS-SEC-SUP-003] step-1 — JSON or empty body
  √  [TC-ADMINUSERS-SEC-SUP-003] step-1 — response time < 10s
  ┌
  │ '[TC-ADMINUSERS-SEC-SUP-003] step-1 status=', 200
  │ '[TC-ADMINUSERS-SEC-SUP-003] expected oracle:', 'D abs
  │ ent from final list exactly once removed. Second paral
  │ lel DELETE may error or noop — not specified. No other
  │  user deleted; SEC-01 no password in responses. HTTP s
  │ tatus is not specified — record actual without inventi
  │ ng codes.'
  └

└ 2 — GET /api/admin/users
  GET http://localhost:3000/api/admin/users [200 OK, 267B, 3ms]
  √  [TC-ADMINUSERS-SEC-SUP-003] step-2 — response received
  √  [TC-ADMINUSERS-SEC-SUP-003] step-2 — JSON or empty body
  √  [TC-ADMINUSERS-SEC-SUP-003] step-2 — response time < 10s
  ┌
  │ '[TC-ADMINUSERS-SEC-SUP-003] step-2 status=', 200
  │ '[TC-ADMINUSERS-SEC-SUP-003] expected oracle:', 'D abs
  │ ent from final list exactly once removed. Second paral
  │ lel DELETE may error or noop — not specified. No other
  │  user deleted; SEC-01 no password in responses. HTTP s
  │ tatus is not specified — record actual without inventi
  │ ng codes.'
  └

□ FR-19 — Admin Users / Security / TC-ADMINUSERS-SEC-SUP-004
└ 1 — DELETE /api/admin/users/:id
  DELETE http://localhost:3000/api/admin/users/-1 [200 OK, 293B, 2ms]
  √  [TC-ADMINUSERS-SEC-SUP-004] primary — response received
  √  [TC-ADMINUSERS-SEC-SUP-004] primary — JSON or empty body
  √  [TC-ADMINUSERS-SEC-SUP-004] primary — response time < 10s
  ┌
  │ '[TC-ADMINUSERS-SEC-SUP-004] primary status=', 200
  │ '[TC-ADMINUSERS-SEC-SUP-004] expected oracle:', 'Must 
  │ not delete seed users or cause SQL/500 leak. List coun
  │ t unchanged except legitimate target. SEC-05 parameter
  │ ized path parsing. HTTP status is not specified — reco
  │ rd actual without inventing codes.'
  └

□ FR-19 — Admin Users / Security / TC-ADMINUSERS-SEC-SUP-005
└ 1 — DELETE /api/admin/users/:id
  DELETE http://localhost:3000/api/admin/users/1%2f2 [200 OK, 293B, 2ms]
  √  [TC-ADMINUSERS-SEC-SUP-005] primary — response received
  √  [TC-ADMINUSERS-SEC-SUP-005] primary — JSON or empty body
  √  [TC-ADMINUSERS-SEC-SUP-005] primary — response time < 10s
  ┌
  │ '[TC-ADMINUSERS-SEC-SUP-005] primary status=', 200
  │ '[TC-ADMINUSERS-SEC-SUP-005] expected oracle:', 'DELET
  │ E must not remove user 2 via path confusion. GET /api/
  │ admin/users — user 2 still present unless id literally
  │  matched. HTTP status is not specified — record actual
  │  without inventing codes.'
  └

└ 2 — GET /api/admin/users (verify)
  GET http://localhost:3000/api/admin/users [200 OK, 267B, 3ms]
  √  [TC-ADMINUSERS-SEC-SUP-005] verify-admin-list — response received
  √  [TC-ADMINUSERS-SEC-SUP-005] verify-admin-list — JSON or empty body
  √  [TC-ADMINUSERS-SEC-SUP-005] verify-admin-list — response time < 10s
  ┌
  │ '[TC-ADMINUSERS-SEC-SUP-005] verify-admin-list status=
  │ ', 200
  │ '[TC-ADMINUSERS-SEC-SUP-005] expected oracle:', 'DELET
  │ E must not remove user 2 via path confusion. GET /api/
  │ admin/users — user 2 still present unless id literally
  │  matched. HTTP status is not specified — record actual
  │  without inventing codes.'
  └

□ FR-19 — Admin Users / SchemaValidation / TC-ADMINUSERS-SCH-001
└ 1 — GET /api/admin/users
  GET http://localhost:3000/api/admin/users [200 OK, 267B, 3ms]
  √  [TC-ADMINUSERS-SCH-001] primary — response received
  √  [TC-ADMINUSERS-SCH-001] primary — JSON or empty body
  √  [TC-ADMINUSERS-SCH-001] primary — response time < 10s
  ┌
  │ '[TC-ADMINUSERS-SCH-001] primary status=', 200
  │ '[TC-ADMINUSERS-SCH-001] expected oracle:', 'Root is J
  │ SON array of users. Response Content-Type header inclu
  │ des application/json (or charset=utf-8 JSON body).'
  └

□ FR-19 — Admin Users / SchemaValidation / TC-ADMINUSERS-SCH-002
└ 1 — GET /api/admin/users
  GET http://localhost:3000/api/admin/users [200 OK, 267B, 3ms]
  √  [TC-ADMINUSERS-SCH-002] primary — response received
  √  [TC-ADMINUSERS-SCH-002] primary — JSON or empty body
  √  [TC-ADMINUSERS-SCH-002] primary — response time < 10s
  ┌
  │ '[TC-ADMINUSERS-SCH-002] primary status=', 200
  │ '[TC-ADMINUSERS-SCH-002] expected oracle:', 'Every arr
  │ ay element is plain JSON object (user record).'
  └

□ FR-19 — Admin Users / SchemaValidation / TC-ADMINUSERS-SCH-003
└ 1 — GET /api/admin/users
  GET http://localhost:3000/api/admin/users [200 OK, 267B, 4ms]
  √  [TC-ADMINUSERS-SCH-003] primary — response received
  √  [TC-ADMINUSERS-SCH-003] primary — JSON or empty body
  √  [TC-ADMINUSERS-SCH-003] primary — response time < 10s
  ┌
  │ '[TC-ADMINUSERS-SCH-003] primary status=', 200
  │ '[TC-ADMINUSERS-SCH-003] expected oracle:', 'If id is 
  │ returned on list items, it must be JSON number. Record
  │  if absent — list field schema not in api_spec.'
  └

□ FR-19 — Admin Users / SchemaValidation / TC-ADMINUSERS-SCH-004
└ 1 — GET /api/admin/users
  GET http://localhost:3000/api/admin/users [200 OK, 267B, 3ms]
  √  [TC-ADMINUSERS-SCH-004] primary — response received
  √  [TC-ADMINUSERS-SCH-004] primary — JSON or empty body
  √  [TC-ADMINUSERS-SCH-004] primary — response time < 10s
  ┌
  │ '[TC-ADMINUSERS-SCH-004] primary status=', 200
  │ '[TC-ADMINUSERS-SCH-004] expected oracle:', 'If name i
  │ s returned on each user object, typeof must be string.
  │  Record if absent — not documented in api_spec.'
  └

□ FR-19 — Admin Users / SchemaValidation / TC-ADMINUSERS-SCH-005
└ 1 — GET /api/admin/users
  GET http://localhost:3000/api/admin/users [200 OK, 267B, 3ms]
  √  [TC-ADMINUSERS-SCH-005] primary — response received
  √  [TC-ADMINUSERS-SCH-005] primary — JSON or empty body
  √  [TC-ADMINUSERS-SCH-005] primary — response time < 10s
  ┌
  │ '[TC-ADMINUSERS-SCH-005] primary status=', 200
  │ '[TC-ADMINUSERS-SCH-005] expected oracle:', 'email is 
  │ string on each user object.'
  └

□ FR-19 — Admin Users / SchemaValidation / TC-ADMINUSERS-SCH-006
└ 1 — GET /api/admin/users
  GET http://localhost:3000/api/admin/users [200 OK, 267B, 2ms]
  √  [TC-ADMINUSERS-SCH-006] primary — response received
  √  [TC-ADMINUSERS-SCH-006] primary — JSON or empty body
  √  [TC-ADMINUSERS-SCH-006] primary — response time < 10s
  ┌
  │ '[TC-ADMINUSERS-SCH-006] primary status=', 200
  │ '[TC-ADMINUSERS-SCH-006] expected oracle:', 'role is s
  │ tring (user or admin per FR-12).'
  └

□ FR-19 — Admin Users / SchemaValidation / TC-ADMINUSERS-SCH-007
└ 1 — GET /api/admin/users
  GET http://localhost:3000/api/admin/users [200 OK, 267B, 2ms]
  √  [TC-ADMINUSERS-SCH-007] primary — response received
  √  [TC-ADMINUSERS-SCH-007] primary — JSON or empty body
  √  [TC-ADMINUSERS-SCH-007] primary — response time < 10s
  ┌
  │ '[TC-ADMINUSERS-SCH-007] primary status=', 200
  │ '[TC-ADMINUSERS-SCH-007] expected oracle:', 'No passwo
  │ rd key on any list element (FR-19 / SEC-01).'
  └

□ FR-19 — Admin Users / SchemaValidation / TC-ADMINUSERS-SCH-008
└ 1 — GET /api/admin/users
  GET http://localhost:3000/api/admin/users [200 OK, 267B, 3ms]
  √  [TC-ADMINUSERS-SCH-008] primary — response received
  √  [TC-ADMINUSERS-SCH-008] primary — JSON or empty body
  √  [TC-ADMINUSERS-SCH-008] primary — response time < 10s
  ┌
  │ '[TC-ADMINUSERS-SCH-008] primary status=', 200
  │ '[TC-ADMINUSERS-SCH-008] expected oracle:', 'No passwo
  │ rd_hash key on any list element.'
  └

□ FR-19 — Admin Users / SchemaValidation / TC-ADMINUSERS-SCH-009
└ 1 — DELETE /api/admin/users/:id
  DELETE http://localhost:3000/api/admin/users/<3> [200 OK, 293B, 3ms]
  √  [TC-ADMINUSERS-SCH-009] primary — response received
  √  [TC-ADMINUSERS-SCH-009] primary — JSON or empty body
  √  [TC-ADMINUSERS-SCH-009] primary — response time < 10s
  ┌
  │ '[TC-ADMINUSERS-SCH-009] primary status=', 200
  │ '[TC-ADMINUSERS-SCH-009] expected oracle:', 'Response 
  │ body is JSON object (not HTML/array). Field schema not
  │  in api_spec — record keys/types. HTTP status is not s
  │ pecified in api_specification.md — record actual witho
  │ ut inventing codes.'
  └

□ FR-19 — Admin Users / SchemaValidation / TC-ADMINUSERS-SCH-010
└ 1 — DELETE /api/admin/users/:id
  DELETE http://localhost:3000/api/admin/users/<3> [200 OK, 293B, 2ms]
  √  [TC-ADMINUSERS-SCH-010] primary — response received
  √  [TC-ADMINUSERS-SCH-010] primary — JSON or empty body
  √  [TC-ADMINUSERS-SCH-010] primary — response time < 10s
  ┌
  │ '[TC-ADMINUSERS-SCH-010] primary status=', 200
  │ '[TC-ADMINUSERS-SCH-010] expected oracle:', 'If respon
  │ se includes message, it is string. If absent, record —
  │  not required by written spec.'
  └

□ FR-19 — Admin Users / SchemaValidation / TC-ADMINUSERS-SCH-011
└ 1 — GET /api/admin/users
  GET http://localhost:3000/api/admin/users [200 OK, 267B, 4ms]
  √  [TC-ADMINUSERS-SCH-011] primary — response received
  √  [TC-ADMINUSERS-SCH-011] primary — JSON or empty body
  √  [TC-ADMINUSERS-SCH-011] primary — response time < 10s
  ┌
  │ '[TC-ADMINUSERS-SCH-011] primary status=', 200
  │ '[TC-ADMINUSERS-SCH-011] expected oracle:', 'List leng
  │ th >= 2. Seed users are objects with string email and 
  │ string role.'
  └

□ FR-19 — Admin Users / SchemaValidation / TC-ADMINUSERS-SCH-012
└ 1 — GET /api/admin/users
  GET http://localhost:3000/api/admin/users [200 OK, 267B, 2ms]
  √  [TC-ADMINUSERS-SCH-012] primary — response received
  √  [TC-ADMINUSERS-SCH-012] primary — JSON or empty body
  √  [TC-ADMINUSERS-SCH-012] primary — response time < 10s
  ┌
  │ '[TC-ADMINUSERS-SCH-012] primary status=', 200
  │ '[TC-ADMINUSERS-SCH-012] expected oracle:', 'Response 
  │ Content-Type header includes application/json (or char
  │ set=utf-8 JSON body).'
  └

□ FR-19 — Admin Users / SchemaValidation / TC-ADMINUSERS-SCH-013
└ 1 — GET /api/admin/users
  GET http://localhost:3000/api/admin/users [200 OK, 267B, 3ms]
  √  [TC-ADMINUSERS-SCH-013] primary — response received
  √  [TC-ADMINUSERS-SCH-013] primary — JSON or empty body
  √  [TC-ADMINUSERS-SCH-013] primary — response time < 10s
  ┌
  │ '[TC-ADMINUSERS-SCH-013] primary status=', 200
  │ '[TC-ADMINUSERS-SCH-013] expected oracle:', 'Must not 
  │ return full admin user array. Error envelope not speci
  │ fied — record JSON vs HTML. HTTP status is not specifi
  │ ed in api_specification.md — record actual without inv
  │ enting codes.'
  └

□ FR-19 — Admin Users / SchemaValidation / TC-ADMINUSERS-SCH-014
└ 1 — DELETE
  DELETE http://localhost:3000/api/admin/users/3 [200 OK, 293B, 2ms]
  √  [TC-ADMINUSERS-SCH-014] step-1 — response received
  √  [TC-ADMINUSERS-SCH-014] step-1 — JSON or empty body
  √  [TC-ADMINUSERS-SCH-014] step-1 — response time < 10s
  ┌
  │ '[TC-ADMINUSERS-SCH-014] step-1 status=', 200
  │ '[TC-ADMINUSERS-SCH-014] expected oracle:', 'GET still
  │  JSON array. Deleted id absent. Remaining items retain
  │  id(number), email(string), role(string).'
  └

└ 2 — GET /api/admin/users
  GET http://localhost:3000/api/admin/users [200 OK, 267B, 2ms]
  √  [TC-ADMINUSERS-SCH-014] step-2 — response received
  √  [TC-ADMINUSERS-SCH-014] step-2 — JSON or empty body
  √  [TC-ADMINUSERS-SCH-014] step-2 — response time < 10s
  ┌
  │ '[TC-ADMINUSERS-SCH-014] step-2 status=', 200
  │ '[TC-ADMINUSERS-SCH-014] expected oracle:', 'GET still
  │  JSON array. Deleted id absent. Remaining items retain
  │  id(number), email(string), role(string).'
  └

□ FR-19 — Admin Users / SchemaValidation / TC-ADMINUSERS-SCH-SUP-001
└ 1 — GET /api/admin/users
  GET http://localhost:3000/api/admin/users [200 OK, 267B, 2ms]
  √  [TC-ADMINUSERS-SCH-SUP-001] primary — response received
  √  [TC-ADMINUSERS-SCH-SUP-001] primary — JSON or empty body
  √  [TC-ADMINUSERS-SCH-SUP-001] primary — response time < 10s
  ┌
  │ '[TC-ADMINUSERS-SCH-SUP-001] primary status=', 200
  │ '[TC-ADMINUSERS-SCH-SUP-001] expected oracle:', 'Recor
  │ d presence/types of shipping_address, login_attempts, 
  │ locked_until. FR-19 forbids password only.'
  └

□ FR-19 — Admin Users / SchemaValidation / TC-ADMINUSERS-SCH-SUP-002
└ 1 — GET /api/admin/users
  GET http://localhost:3000/api/admin/users [200 OK, 267B, 2ms]
  √  [TC-ADMINUSERS-SCH-SUP-002] primary — response received
  √  [TC-ADMINUSERS-SCH-SUP-002] primary — JSON or empty body
  √  [TC-ADMINUSERS-SCH-SUP-002] primary — response time < 10s
  ┌
  │ '[TC-ADMINUSERS-SCH-SUP-002] primary status=', 200
  │ '[TC-ADMINUSERS-SCH-SUP-002] expected oracle:', 'Every
  │  user object in array has the same keys (order may dif
  │ fer). Report any row missing email or role compared to
  │  others.'
  └

□ FR-19 — Admin Users / SchemaValidation / TC-ADMINUSERS-SCH-SUP-003
└ 1 — DELETE /api/admin/users/:id
  DELETE http://localhost:3000/api/admin/users/abc [200 OK, 293B, 3ms]
  √  [TC-ADMINUSERS-SCH-SUP-003] primary — response received
  √  [TC-ADMINUSERS-SCH-SUP-003] primary — JSON or empty body
  √  [TC-ADMINUSERS-SCH-SUP-003] primary — response time < 10s
  ┌
  │ '[TC-ADMINUSERS-SCH-SUP-003] primary status=', 200
  │ '[TC-ADMINUSERS-SCH-SUP-003] expected oracle:', 'Respo
  │ nse body type is JSON object or parseable JSON — not H
  │ TML. Record keys if object. HTTP status is not specifi
  │ ed in api_specification.md — record actual without inv
  │ enting codes.'
  └

□ FR-19 — Admin Users / SchemaValidation / TC-ADMINUSERS-SCH-SUP-004
└ 1 — GET /api/admin/users
  GET http://localhost:3000/api/admin/users [200 OK, 267B, 2ms]
  √  [TC-ADMINUSERS-SCH-SUP-004] step-1 — response received
  √  [TC-ADMINUSERS-SCH-SUP-004] step-1 — JSON or empty body
  √  [TC-ADMINUSERS-SCH-SUP-004] step-1 — response time < 10s
  ┌
  │ '[TC-ADMINUSERS-SCH-SUP-004] step-1 status=', 200
  │ '[TC-ADMINUSERS-SCH-SUP-004] expected oracle:', 'After
  │  register schema-test@example.com, list entry is objec
  │ t with number id and string email. role/name types rec
  │ orded if present — register response only guarantees i
  │ d in api_spec. No password fields.'
  └

□ FR-19 — Admin Users / SchemaValidation / TC-ADMINUSERS-SCH-SUP-005
└ 1 — DELETE /api/admin/users/:id
  DELETE http://localhost:3000/api/admin/users/<3> [200 OK, 293B, 3ms]
  √  [TC-ADMINUSERS-SCH-SUP-005] primary — response received
  √  [TC-ADMINUSERS-SCH-SUP-005] primary — JSON or empty body
  √  [TC-ADMINUSERS-SCH-SUP-005] primary — response time < 10s
  ┌
  │ '[TC-ADMINUSERS-SCH-SUP-005] primary status=', 200
  │ '[TC-ADMINUSERS-SCH-SUP-005] expected oracle:', 'DELET
  │ E response must not contain full user object with emai
  │ l/password. If only {message:string} — pass. Record ac
  │ tual keys. SEC-01 applies.'
  └

┌─────────────────────────┬─────────────────┬─────────────────┐
│                         │        executed │          failed │
├─────────────────────────┼─────────────────┼─────────────────┤
│              iterations │               1 │               0 │
├─────────────────────────┼─────────────────┼─────────────────┤
│                requests │             343 │               0 │
├─────────────────────────┼─────────────────┼─────────────────┤
│            test-scripts │             343 │               0 │
├─────────────────────────┼─────────────────┼─────────────────┤
│      prerequest-scripts │             343 │               0 │
├─────────────────────────┼─────────────────┼─────────────────┤
│              assertions │            1019 │               0 │
├─────────────────────────┴─────────────────┴─────────────────┤
│ total run duration: 31.4s                                   │
├─────────────────────────────────────────────────────────────┤
│ total data received: 91.82kB (approx)                       │
├─────────────────────────────────────────────────────────────┤
│ average response time: 5ms [min: 1ms, max: 54ms, s.d.: 5ms] │
└─────────────────────────────────────────────────────────────┘
